<?xml version="1.0" encoding="UTF-8" ?>
<romeo version="Romeo v3.4.0"> </romeo>
<TPN name="C:/Users/User/Google Drive/M1/M�thodes formelles/TP Rom�o/ex3MF.xml">
  <place id="1" identifier="Pere_depart" label="Pere_depart" initialMarking="1" eft="0" lft="inf"> 
      <graphics color="0"> 
         <position x="136" y="241"/> 
         <deltaLabel deltax="10" deltay="10"/> 
      </graphics> 
      <scheduling gamma="0" omega="0"/> 
  </place> 

  <place id="2" identifier="Mere_depart" label="Mere_depart" initialMarking="1" eft="0" lft="inf"> 
      <graphics color="0"> 
         <position x="331" y="241"/> 
         <deltaLabel deltax="10" deltay="10"/> 
      </graphics> 
      <scheduling gamma="0" omega="0"/> 
  </place> 

  <place id="3" identifier="Filles_depart" label="Filles_depart" initialMarking="2" eft="0" lft="inf"> 
      <graphics color="0"> 
         <position x="631" y="241"/> 
         <deltaLabel deltax="10" deltay="10"/> 
      </graphics> 
      <scheduling gamma="0" omega="0"/> 
  </place> 

  <place id="4" identifier="Pere_fin" label="Pere_fin" initialMarking="0" eft="0" lft="inf"> 
      <graphics color="0"> 
         <position x="106" y="826"/> 
         <deltaLabel deltax="10" deltay="10"/> 
      </graphics> 
      <scheduling gamma="0" omega="0"/> 
  </place> 

  <place id="5" identifier="Mere_fin" label="Mere_fin" initialMarking="0" eft="0" lft="inf"> 
      <graphics color="0"> 
         <position x="316" y="811"/> 
         <deltaLabel deltax="10" deltay="10"/> 
      </graphics> 
      <scheduling gamma="0" omega="0"/> 
  </place> 

  <place id="6" identifier="Filles_fin" label="Filles_fin" initialMarking="0" eft="0" lft="inf"> 
      <graphics color="0"> 
         <position x="646" y="781"/> 
         <deltaLabel deltax="10" deltay="10"/> 
      </graphics> 
      <scheduling gamma="0" omega="0"/> 
  </place> 

  <place id="7" identifier="Fils_depart" label="Fils_depart" initialMarking="2" eft="0" lft="inf"> 
      <graphics color="0"> 
         <position x="811" y="241"/> 
         <deltaLabel deltax="10" deltay="10"/> 
      </graphics> 
      <scheduling gamma="0" omega="0"/> 
  </place> 

  <place id="8" identifier="Policier_depart" label="Policier_depart" initialMarking="1" eft="0" lft="inf"> 
      <graphics color="0"> 
         <position x="1006" y="241"/> 
         <deltaLabel deltax="10" deltay="10"/> 
      </graphics> 
      <scheduling gamma="0" omega="0"/> 
  </place> 

  <place id="9" identifier="Prisonnier_depart" label="Prisonnier_depart" initialMarking="1" eft="0" lft="inf"> 
      <graphics color="0"> 
         <position x="1141" y="241"/> 
         <deltaLabel deltax="10" deltay="10"/> 
      </graphics> 
      <scheduling gamma="0" omega="0"/> 
  </place> 

  <place id="10" identifier="Fils_fin" label="Fils_fin" initialMarking="0" eft="0" lft="inf"> 
      <graphics color="0"> 
         <position x="856" y="841"/> 
         <deltaLabel deltax="10" deltay="10"/> 
      </graphics> 
      <scheduling gamma="0" omega="0"/> 
  </place> 

  <place id="11" identifier="Policier_fin" label="Policier_fin" initialMarking="0" eft="0" lft="inf"> 
      <graphics color="0"> 
         <position x="1021" y="796"/> 
         <deltaLabel deltax="10" deltay="10"/> 
      </graphics> 
      <scheduling gamma="0" omega="0"/> 
  </place> 

  <place id="12" identifier="Prisonnier_fin" label="Prisonnier_fin" initialMarking="0" eft="0" lft="inf"> 
      <graphics color="0"> 
         <position x="1186" y="781"/> 
         <deltaLabel deltax="10" deltay="10"/> 
      </graphics> 
      <scheduling gamma="0" omega="0"/> 
  </place> 

  <place id="13" identifier="P13" label="Fail" initialMarking="0" eft="0" lft="inf"> 
      <graphics color="0"> 
         <position x="1576" y="481"/> 
         <deltaLabel deltax="10" deltay="10"/> 
      </graphics> 
      <scheduling gamma="0" omega="0"/> 
  </place> 

  <place id="14" identifier="Bateau_depart" label="Bateau_depart" initialMarking="1" eft="0" lft="inf"> 
      <graphics color="0"> 
         <position x="16" y="241"/> 
         <deltaLabel deltax="10" deltay="10"/> 
      </graphics> 
      <scheduling gamma="0" omega="0"/> 
  </place> 

  <place id="15" identifier="Bateau_fin" label="Bateau_fin" initialMarking="0" eft="0" lft="inf"> 
      <graphics color="0"> 
         <position x="16" y="826"/> 
         <deltaLabel deltax="10" deltay="10"/> 
      </graphics> 
      <scheduling gamma="0" omega="0"/> 
  </place> 

  <transition id="1" identifier="Pere" label="Pere"  eft="1" lft="inf" eft_param="1" speed="1" cost="0" unctrl="0" obs="1"  guard=""> 
     <graphics color="0"> 
        <position x="136" y="316"/> 
        <deltaLabel deltax="25" deltay="0"/> 
        <deltaGuard deltax="20" deltay="-20"/> 
        <deltaUpdate deltax="20" deltay="10"/> 
        <deltaSpeed deltax="-20" deltay="5"/> 
        <deltaCost deltax="-20" deltay="5"/> 
     </graphics> 
     <update><![CDATA[]]></update> 
  </transition> 

  <transition id="2" identifier="Mere" label="Mere"  eft="1" lft="inf" eft_param="1" speed="1" cost="0" unctrl="0" obs="1"  guard=""> 
     <graphics color="0"> 
        <position x="331" y="316"/> 
        <deltaLabel deltax="25" deltay="0"/> 
        <deltaGuard deltax="20" deltay="-20"/> 
        <deltaUpdate deltax="20" deltay="10"/> 
        <deltaSpeed deltax="-20" deltay="5"/> 
        <deltaCost deltax="-20" deltay="5"/> 
     </graphics> 
     <update><![CDATA[]]></update> 
  </transition> 

  <transition id="5" identifier="Policier" label="Policier"  eft="1" lft="inf" eft_param="1" speed="1" cost="0" unctrl="0" obs="1"  guard=""> 
     <graphics color="0"> 
        <position x="1021" y="331"/> 
        <deltaLabel deltax="25" deltay="0"/> 
        <deltaGuard deltax="20" deltay="-20"/> 
        <deltaUpdate deltax="20" deltay="10"/> 
        <deltaSpeed deltax="-20" deltay="5"/> 
        <deltaCost deltax="-20" deltay="5"/> 
     </graphics> 
     <update><![CDATA[]]></update> 
  </transition> 

  <transition id="7" identifier="Pere_mere" label="Pere_mere"  eft="1" lft="inf" eft_param="1" speed="1" cost="0" unctrl="0" obs="1"  guard=""> 
     <graphics color="0"> 
        <position x="61" y="361"/> 
        <deltaLabel deltax="25" deltay="0"/> 
        <deltaGuard deltax="20" deltay="-20"/> 
        <deltaUpdate deltax="20" deltay="10"/> 
        <deltaSpeed deltax="-20" deltay="5"/> 
        <deltaCost deltax="-20" deltay="5"/> 
     </graphics> 
     <update><![CDATA[]]></update> 
  </transition> 

  <transition id="8" identifier="Prisonnier_pere" label="Prisonnier_pere"  eft="0" lft="0" lft_param="0" speed="1" cost="0" unctrl="0" obs="1"  guard=""> 
     <graphics color="0"> 
        <position x="1411" y="271"/> 
        <deltaLabel deltax="22" deltay="9"/> 
        <deltaGuard deltax="20" deltay="-20"/> 
        <deltaUpdate deltax="20" deltay="10"/> 
        <deltaSpeed deltax="-20" deltay="5"/> 
        <deltaCost deltax="-20" deltay="5"/> 
     </graphics> 
     <update><![CDATA[]]></update> 
  </transition> 

  <transition id="9" identifier="Pere_fils" label="Pere_fils"  eft="1" lft="inf" eft_param="1" speed="1" cost="0" unctrl="0" obs="1"  guard=""> 
     <graphics color="0"> 
        <position x="61" y="406"/> 
        <deltaLabel deltax="25" deltay="0"/> 
        <deltaGuard deltax="20" deltay="-20"/> 
        <deltaUpdate deltax="20" deltay="10"/> 
        <deltaSpeed deltax="-20" deltay="5"/> 
        <deltaCost deltax="-20" deltay="5"/> 
     </graphics> 
     <update><![CDATA[]]></update> 
  </transition> 

  <transition id="10" identifier="Pere_policier" label="Pere_policier"  eft="1" lft="inf" eft_param="1" speed="1" cost="0" unctrl="0" obs="1"  guard=""> 
     <graphics color="0"> 
        <position x="226" y="391"/> 
        <deltaLabel deltax="18" deltay="2"/> 
        <deltaGuard deltax="20" deltay="-20"/> 
        <deltaUpdate deltax="20" deltay="10"/> 
        <deltaSpeed deltax="-20" deltay="5"/> 
        <deltaCost deltax="-20" deltay="5"/> 
     </graphics> 
     <update><![CDATA[]]></update> 
  </transition> 

  <transition id="11" identifier="Prisonnier_fils" label="Prisonnier_fils"  eft="0" lft="0" lft_param="0" speed="1" cost="0" unctrl="0" obs="1"  guard=""> 
     <graphics color="0"> 
        <position x="1426" y="301"/> 
        <deltaLabel deltax="25" deltay="0"/> 
        <deltaGuard deltax="20" deltay="-20"/> 
        <deltaUpdate deltax="20" deltay="10"/> 
        <deltaSpeed deltax="-20" deltay="5"/> 
        <deltaCost deltax="-20" deltay="5"/> 
     </graphics> 
     <update><![CDATA[]]></update> 
  </transition> 

  <transition id="12" identifier="Mere_filles" label="Mere_filles"  eft="1" lft="inf" eft_param="1" speed="1" cost="0" unctrl="0" obs="1"  guard=""> 
     <graphics color="0"> 
        <position x="391" y="346"/> 
        <deltaLabel deltax="25" deltay="0"/> 
        <deltaGuard deltax="20" deltay="-20"/> 
        <deltaUpdate deltax="20" deltay="10"/> 
        <deltaSpeed deltax="-20" deltay="5"/> 
        <deltaCost deltax="-20" deltay="5"/> 
     </graphics> 
     <update><![CDATA[]]></update> 
  </transition> 

  <transition id="13" identifier="Pere_fille" label="Pere_fille"  eft="0" lft="0" lft_param="0" speed="1" cost="0" unctrl="0" obs="1"  guard=""> 
     <graphics color="0"> 
        <position x="1366" y="406"/> 
        <deltaLabel deltax="25" deltay="0"/> 
        <deltaGuard deltax="20" deltay="-20"/> 
        <deltaUpdate deltax="20" deltay="10"/> 
        <deltaSpeed deltax="-20" deltay="5"/> 
        <deltaCost deltax="-20" deltay="5"/> 
     </graphics> 
     <update><![CDATA[]]></update> 
  </transition> 

  <transition id="14" identifier="Mere_policier" label="Mere_policier"  eft="1" lft="inf" eft_param="1" speed="1" cost="0" unctrl="0" obs="1"  guard=""> 
     <graphics color="0"> 
        <position x="406" y="421"/> 
        <deltaLabel deltax="25" deltay="0"/> 
        <deltaGuard deltax="20" deltay="-20"/> 
        <deltaUpdate deltax="20" deltay="10"/> 
        <deltaSpeed deltax="-20" deltay="5"/> 
        <deltaCost deltax="-20" deltay="5"/> 
     </graphics> 
     <update><![CDATA[]]></update> 
  </transition> 

  <transition id="15" identifier="Mere_fils" label="Mere_fils"  eft="0" lft="0" lft_param="0" speed="1" cost="0" unctrl="0" obs="1"  guard=""> 
     <graphics color="0"> 
        <position x="1366" y="436"/> 
        <deltaLabel deltax="25" deltay="0"/> 
        <deltaGuard deltax="20" deltay="-20"/> 
        <deltaUpdate deltax="20" deltay="10"/> 
        <deltaSpeed deltax="-20" deltay="5"/> 
        <deltaCost deltax="-20" deltay="5"/> 
     </graphics> 
     <update><![CDATA[]]></update> 
  </transition> 

  <transition id="16" identifier="Filles_policier" label="Filles_policier"  eft="1" lft="inf" eft_param="1" speed="1" cost="0" unctrl="0" obs="1"  guard=""> 
     <graphics color="0"> 
        <position x="676" y="376"/> 
        <deltaLabel deltax="25" deltay="0"/> 
        <deltaGuard deltax="20" deltay="-20"/> 
        <deltaUpdate deltax="20" deltay="10"/> 
        <deltaSpeed deltax="-20" deltay="5"/> 
        <deltaCost deltax="-20" deltay="5"/> 
     </graphics> 
     <update><![CDATA[]]></update> 
  </transition> 

  <transition id="17" identifier="Filles_fils" label="Filles_fils"  eft="1" lft="inf" eft_param="1" speed="1" cost="0" unctrl="0" obs="1"  guard=""> 
     <graphics color="0"> 
        <position x="571" y="361"/> 
        <deltaLabel deltax="21.0" deltay="3.0"/> 
        <deltaGuard deltax="20" deltay="-20"/> 
        <deltaUpdate deltax="20" deltay="10"/> 
        <deltaSpeed deltax="-20" deltay="5"/> 
        <deltaCost deltax="-20" deltay="5"/> 
     </graphics> 
     <update><![CDATA[]]></update> 
  </transition> 

  <transition id="19" identifier="Fils_policier" label="Fils_policier"  eft="1" lft="inf" eft_param="1" speed="1" cost="0" unctrl="0" obs="1"  guard=""> 
     <graphics color="0"> 
        <position x="856" y="361"/> 
        <deltaLabel deltax="25" deltay="0"/> 
        <deltaGuard deltax="20" deltay="-20"/> 
        <deltaUpdate deltax="20" deltay="10"/> 
        <deltaSpeed deltax="-20" deltay="5"/> 
        <deltaCost deltax="-20" deltay="5"/> 
     </graphics> 
     <update><![CDATA[]]></update> 
  </transition> 

  <transition id="21" identifier="Policier_prisonnier" label="Policier_prisonnier"  eft="1" lft="inf" eft_param="1" speed="1" cost="0" unctrl="0" obs="1"  guard=""> 
     <graphics color="0"> 
        <position x="1036" y="391"/> 
        <deltaLabel deltax="25" deltay="0"/> 
        <deltaGuard deltax="20" deltay="-20"/> 
        <deltaUpdate deltax="20" deltay="10"/> 
        <deltaSpeed deltax="-20" deltay="5"/> 
        <deltaCost deltax="-20" deltay="5"/> 
     </graphics> 
     <update><![CDATA[]]></update> 
  </transition> 

  <transition id="22" identifier="Pere_c" label="Pere_c"  eft="1" lft="inf" eft_param="1" speed="1" cost="0" unctrl="0" obs="1"  guard=""> 
     <graphics color="0"> 
        <position x="151" y="541"/> 
        <deltaLabel deltax="25" deltay="0"/> 
        <deltaGuard deltax="20" deltay="-20"/> 
        <deltaUpdate deltax="20" deltay="10"/> 
        <deltaSpeed deltax="-20" deltay="5"/> 
        <deltaCost deltax="-20" deltay="5"/> 
     </graphics> 
     <update><![CDATA[]]></update> 
  </transition> 

  <transition id="23" identifier="Mere_c" label="Mere_c"  eft="1" lft="inf" eft_param="1" speed="1" cost="0" unctrl="0" obs="1"  guard=""> 
     <graphics color="0"> 
        <position x="346" y="541"/> 
        <deltaLabel deltax="25" deltay="0"/> 
        <deltaGuard deltax="20" deltay="-20"/> 
        <deltaUpdate deltax="20" deltay="10"/> 
        <deltaSpeed deltax="-20" deltay="5"/> 
        <deltaCost deltax="-20" deltay="5"/> 
     </graphics> 
     <update><![CDATA[]]></update> 
  </transition> 

  <transition id="26" identifier="Policier_c" label="Policier_c"  eft="1" lft="inf" eft_param="1" speed="1" cost="0" unctrl="0" obs="1"  guard=""> 
     <graphics color="0"> 
        <position x="1006" y="556"/> 
        <deltaLabel deltax="30" deltay="10"/> 
        <deltaGuard deltax="20" deltay="-20"/> 
        <deltaUpdate deltax="20" deltay="10"/> 
        <deltaSpeed deltax="-20" deltay="5"/> 
        <deltaCost deltax="-20" deltay="5"/> 
     </graphics> 
     <update><![CDATA[]]></update> 
  </transition> 

  <transition id="28" identifier="Pere_mere_c" label="Pere_mere_c"  eft="1" lft="inf" eft_param="1" speed="1" cost="0" unctrl="0" obs="1"  guard=""> 
     <graphics color="0"> 
        <position x="76" y="586"/> 
        <deltaLabel deltax="25" deltay="0"/> 
        <deltaGuard deltax="20" deltay="-20"/> 
        <deltaUpdate deltax="20" deltay="10"/> 
        <deltaSpeed deltax="-20" deltay="5"/> 
        <deltaCost deltax="-20" deltay="5"/> 
     </graphics> 
     <update><![CDATA[]]></update> 
  </transition> 

  <transition id="30" identifier="Pere_fils_c" label="Pere_fils_c"  eft="1" lft="inf" eft_param="1" speed="1" cost="0" unctrl="0" obs="1"  guard=""> 
     <graphics color="0"> 
        <position x="76" y="631"/> 
        <deltaLabel deltax="25" deltay="0"/> 
        <deltaGuard deltax="20" deltay="-20"/> 
        <deltaUpdate deltax="20" deltay="10"/> 
        <deltaSpeed deltax="-20" deltay="5"/> 
        <deltaCost deltax="-20" deltay="5"/> 
     </graphics> 
     <update><![CDATA[]]></update> 
  </transition> 

  <transition id="31" identifier="Pere_policier_c" label="Pere_policier_c"  eft="1" lft="inf" eft_param="1" speed="1" cost="0" unctrl="0" obs="1"  guard=""> 
     <graphics color="0"> 
        <position x="241" y="616"/> 
        <deltaLabel deltax="25" deltay="0"/> 
        <deltaGuard deltax="20" deltay="-20"/> 
        <deltaUpdate deltax="20" deltay="10"/> 
        <deltaSpeed deltax="-20" deltay="5"/> 
        <deltaCost deltax="-20" deltay="5"/> 
     </graphics> 
     <update><![CDATA[]]></update> 
  </transition> 

  <transition id="33" identifier="Mere_filles_c" label="Mere_filles_c"  eft="1" lft="inf" eft_param="1" speed="1" cost="0" unctrl="0" obs="1"  guard=""> 
     <graphics color="0"> 
        <position x="406" y="571"/> 
        <deltaLabel deltax="25" deltay="0"/> 
        <deltaGuard deltax="20" deltay="-20"/> 
        <deltaUpdate deltax="20" deltay="10"/> 
        <deltaSpeed deltax="-20" deltay="5"/> 
        <deltaCost deltax="-20" deltay="5"/> 
     </graphics> 
     <update><![CDATA[]]></update> 
  </transition> 

  <transition id="34" identifier="Prisonnier_mere" label="Prisonnier_mere"  eft="0" lft="0" lft_param="0" speed="1" cost="0" unctrl="0" obs="1"  guard=""> 
     <graphics color="0"> 
        <position x="1336" y="286"/> 
        <deltaLabel deltax="25" deltay="0"/> 
        <deltaGuard deltax="20" deltay="-20"/> 
        <deltaUpdate deltax="20" deltay="10"/> 
        <deltaSpeed deltax="-20" deltay="5"/> 
        <deltaCost deltax="-20" deltay="5"/> 
     </graphics> 
     <update><![CDATA[]]></update> 
  </transition> 

  <transition id="35" identifier="Mere_policier_c" label="Mere_policier_c"  eft="1" lft="inf" eft_param="1" speed="1" cost="0" unctrl="0" obs="1"  guard=""> 
     <graphics color="0"> 
        <position x="421" y="646"/> 
        <deltaLabel deltax="25" deltay="5"/> 
        <deltaGuard deltax="20" deltay="-20"/> 
        <deltaUpdate deltax="20" deltay="10"/> 
        <deltaSpeed deltax="-20" deltay="5"/> 
        <deltaCost deltax="-20" deltay="5"/> 
     </graphics> 
     <update><![CDATA[]]></update> 
  </transition> 

  <transition id="36" identifier="Prisonnier_fille" label="Prisonnier_fille"  eft="0" lft="0" lft_param="0" speed="1" cost="0" unctrl="0" obs="1"  guard=""> 
     <graphics color="0"> 
        <position x="1336" y="346"/> 
        <deltaLabel deltax="25" deltay="0"/> 
        <deltaGuard deltax="20" deltay="-20"/> 
        <deltaUpdate deltax="20" deltay="10"/> 
        <deltaSpeed deltax="-20" deltay="5"/> 
        <deltaCost deltax="-20" deltay="5"/> 
     </graphics> 
     <update><![CDATA[]]></update> 
  </transition> 

  <transition id="37" identifier="Filles_policier_c" label="Filles_policier_c"  eft="1" lft="inf" eft_param="1" speed="1" cost="0" unctrl="0" obs="1"  guard=""> 
     <graphics color="0"> 
        <position x="691" y="601"/> 
        <deltaLabel deltax="25" deltay="0"/> 
        <deltaGuard deltax="20" deltay="-20"/> 
        <deltaUpdate deltax="20" deltay="10"/> 
        <deltaSpeed deltax="-20" deltay="5"/> 
        <deltaCost deltax="-20" deltay="5"/> 
     </graphics> 
     <update><![CDATA[]]></update> 
  </transition> 

  <transition id="38" identifier="Filles_fils_c" label="Filles_fils_c"  eft="1" lft="inf" eft_param="1" speed="1" cost="0" unctrl="0" obs="1"  guard=""> 
     <graphics color="0"> 
        <position x="586" y="586"/> 
        <deltaLabel deltax="21.0" deltay="3.0"/> 
        <deltaGuard deltax="20" deltay="-20"/> 
        <deltaUpdate deltax="20" deltay="10"/> 
        <deltaSpeed deltax="-20" deltay="5"/> 
        <deltaCost deltax="-20" deltay="5"/> 
     </graphics> 
     <update><![CDATA[]]></update> 
  </transition> 

  <transition id="40" identifier="Fils_policier_c" label="Fils_policier_c"  eft="1" lft="inf" eft_param="1" speed="1" cost="0" unctrl="0" obs="1"  guard=""> 
     <graphics color="0"> 
        <position x="871" y="586"/> 
        <deltaLabel deltax="25" deltay="0"/> 
        <deltaGuard deltax="20" deltay="-20"/> 
        <deltaUpdate deltax="20" deltay="10"/> 
        <deltaSpeed deltax="-20" deltay="5"/> 
        <deltaCost deltax="-20" deltay="5"/> 
     </graphics> 
     <update><![CDATA[]]></update> 
  </transition> 

  <transition id="42" identifier="Policier_prisonnier_c" label="Policier_prisonnier_c"  eft="1" lft="inf" eft_param="1" speed="1" cost="0" unctrl="0" obs="1"  guard=""> 
     <graphics color="0"> 
        <position x="1051" y="616"/> 
        <deltaLabel deltax="25" deltay="0"/> 
        <deltaGuard deltax="20" deltay="-20"/> 
        <deltaUpdate deltax="20" deltay="10"/> 
        <deltaSpeed deltax="-20" deltay="5"/> 
        <deltaCost deltax="-20" deltay="5"/> 
     </graphics> 
     <update><![CDATA[]]></update> 
  </transition> 

  <transition id="43" identifier="T8" label="Prisonnier_pere_c"  eft="0" lft="0" lft_param="0" speed="1" cost="0" unctrl="0" obs="1"  guard=""> 
     <graphics color="0"> 
        <position x="1426" y="526"/> 
        <deltaLabel deltax="25" deltay="0"/> 
        <deltaGuard deltax="20" deltay="-20"/> 
        <deltaUpdate deltax="20" deltay="10"/> 
        <deltaSpeed deltax="-20" deltay="5"/> 
        <deltaCost deltax="-20" deltay="5"/> 
     </graphics> 
     <update><![CDATA[]]></update> 
  </transition> 

  <transition id="44" identifier="T11" label="Prisonnier_fils_c"  eft="0" lft="0" lft_param="0" speed="1" cost="0" unctrl="0" obs="1"  guard=""> 
     <graphics color="0"> 
        <position x="1441" y="556"/> 
        <deltaLabel deltax="25" deltay="0"/> 
        <deltaGuard deltax="20" deltay="-20"/> 
        <deltaUpdate deltax="20" deltay="10"/> 
        <deltaSpeed deltax="-20" deltay="5"/> 
        <deltaCost deltax="-20" deltay="5"/> 
     </graphics> 
     <update><![CDATA[]]></update> 
  </transition> 

  <transition id="45" identifier="T13" label="Pere_fille_c"  eft="0" lft="0" lft_param="0" speed="1" cost="0" unctrl="0" obs="1"  guard=""> 
     <graphics color="0"> 
        <position x="1381" y="661"/> 
        <deltaLabel deltax="25" deltay="0"/> 
        <deltaGuard deltax="20" deltay="-20"/> 
        <deltaUpdate deltax="20" deltay="10"/> 
        <deltaSpeed deltax="-20" deltay="5"/> 
        <deltaCost deltax="-20" deltay="5"/> 
     </graphics> 
     <update><![CDATA[]]></update> 
  </transition> 

  <transition id="46" identifier="T15" label="Mere_fils_c"  eft="0" lft="0" lft_param="0" speed="1" cost="0" unctrl="0" obs="1"  guard=""> 
     <graphics color="0"> 
        <position x="1381" y="691"/> 
        <deltaLabel deltax="32" deltay="14"/> 
        <deltaGuard deltax="20" deltay="-20"/> 
        <deltaUpdate deltax="20" deltay="10"/> 
        <deltaSpeed deltax="-20" deltay="5"/> 
        <deltaCost deltax="-20" deltay="5"/> 
     </graphics> 
     <update><![CDATA[]]></update> 
  </transition> 

  <transition id="47" identifier="T34" label="Prisonnier_mere_c"  eft="0" lft="0" lft_param="0" speed="1" cost="0" unctrl="0" obs="1"  guard=""> 
     <graphics color="0"> 
        <position x="1351" y="541"/> 
        <deltaLabel deltax="9" deltay="5"/> 
        <deltaGuard deltax="20" deltay="-20"/> 
        <deltaUpdate deltax="20" deltay="10"/> 
        <deltaSpeed deltax="-20" deltay="5"/> 
        <deltaCost deltax="-20" deltay="5"/> 
     </graphics> 
     <update><![CDATA[]]></update> 
  </transition> 

  <transition id="48" identifier="T36" label="Prisonnier_fille_c"  eft="0" lft="0" lft_param="0" speed="1" cost="0" unctrl="0" obs="1"  guard=""> 
     <graphics color="0"> 
        <position x="1351" y="601"/> 
        <deltaLabel deltax="25" deltay="0"/> 
        <deltaGuard deltax="20" deltay="-20"/> 
        <deltaUpdate deltax="20" deltay="10"/> 
        <deltaSpeed deltax="-20" deltay="5"/> 
        <deltaCost deltax="-20" deltay="5"/> 
     </graphics> 
     <update><![CDATA[]]></update> 
  </transition> 

  <arc place="1" transition="1" type="PlaceTransition" weight="1"  inhibitingCondition=""> 
    <nail xnail="0" ynail="0"/> 
    <graphics  color="0"> 
     </graphics> 
  </arc> 
 

  <arc place="14" transition="1" type="PlaceTransition" weight="1"  inhibitingCondition=""> 
    <nail xnail="0" ynail="0"/> 
    <graphics  color="0"> 
     </graphics> 
  </arc> 
 

  <arc place="4" transition="1" type="TransitionPlace" weight="1"> 
     <nail xnail="0" ynail="0"/> 
     <graphics  color="0"> 
     </graphics> 
  </arc> 

  <arc place="15" transition="1" type="TransitionPlace" weight="1"> 
     <nail xnail="0" ynail="0"/> 
     <graphics  color="0"> 
     </graphics> 
  </arc> 

  <arc place="2" transition="2" type="PlaceTransition" weight="1"  inhibitingCondition=""> 
    <nail xnail="0" ynail="0"/> 
    <graphics  color="0"> 
     </graphics> 
  </arc> 
 

  <arc place="14" transition="2" type="PlaceTransition" weight="1"  inhibitingCondition=""> 
    <nail xnail="0" ynail="0"/> 
    <graphics  color="0"> 
     </graphics> 
  </arc> 
 

  <arc place="5" transition="2" type="TransitionPlace" weight="1"> 
     <nail xnail="0" ynail="0"/> 
     <graphics  color="0"> 
     </graphics> 
  </arc> 

  <arc place="15" transition="2" type="TransitionPlace" weight="1"> 
     <nail xnail="0" ynail="0"/> 
     <graphics  color="0"> 
     </graphics> 
  </arc> 

  <arc place="8" transition="5" type="PlaceTransition" weight="1"  inhibitingCondition=""> 
    <nail xnail="0" ynail="0"/> 
    <graphics  color="0"> 
     </graphics> 
  </arc> 
 

  <arc place="14" transition="5" type="PlaceTransition" weight="1"  inhibitingCondition=""> 
    <nail xnail="0" ynail="0"/> 
    <graphics  color="0"> 
     </graphics> 
  </arc> 
 

  <arc place="11" transition="5" type="TransitionPlace" weight="1"> 
     <nail xnail="0" ynail="0"/> 
     <graphics  color="0"> 
     </graphics> 
  </arc> 

  <arc place="15" transition="5" type="TransitionPlace" weight="1"> 
     <nail xnail="0" ynail="0"/> 
     <graphics  color="0"> 
     </graphics> 
  </arc> 

  <arc place="1" transition="7" type="PlaceTransition" weight="1"  inhibitingCondition=""> 
    <nail xnail="0" ynail="0"/> 
    <graphics  color="0"> 
     </graphics> 
  </arc> 
 

  <arc place="2" transition="7" type="PlaceTransition" weight="1"  inhibitingCondition=""> 
    <nail xnail="0" ynail="0"/> 
    <graphics  color="0"> 
     </graphics> 
  </arc> 
 

  <arc place="14" transition="7" type="PlaceTransition" weight="1"  inhibitingCondition=""> 
    <nail xnail="0" ynail="0"/> 
    <graphics  color="0"> 
     </graphics> 
  </arc> 
 

  <arc place="4" transition="7" type="TransitionPlace" weight="1"> 
     <nail xnail="0" ynail="0"/> 
     <graphics  color="0"> 
     </graphics> 
  </arc> 

  <arc place="5" transition="7" type="TransitionPlace" weight="1"> 
     <nail xnail="0" ynail="0"/> 
     <graphics  color="0"> 
     </graphics> 
  </arc> 

  <arc place="15" transition="7" type="TransitionPlace" weight="1"> 
     <nail xnail="0" ynail="0"/> 
     <graphics  color="0"> 
     </graphics> 
  </arc> 

  <arc place="9" transition="8" type="PlaceTransition" weight="1"  inhibitingCondition=""> 
    <nail xnail="0" ynail="0"/> 
    <graphics  color="0"> 
     </graphics> 
  </arc> 
 

  <arc place="1" transition="8" type="PlaceTransition" weight="1"  inhibitingCondition=""> 
    <nail xnail="0" ynail="0"/> 
    <graphics  color="0"> 
     </graphics> 
  </arc> 
 

  <arc place="8" transition="8" type="logicalInhibitor" weight="1"  inhibitingCondition=""> 
    <nail xnail="0" ynail="0"/> 
    <graphics  color="0"> 
     </graphics> 
  </arc> 
 

  <arc place="13" transition="8" type="TransitionPlace" weight="1"> 
     <nail xnail="0" ynail="0"/> 
     <graphics  color="0"> 
     </graphics> 
  </arc> 

  <arc place="1" transition="9" type="PlaceTransition" weight="1"  inhibitingCondition=""> 
    <nail xnail="0" ynail="0"/> 
    <graphics  color="0"> 
     </graphics> 
  </arc> 
 

  <arc place="7" transition="9" type="PlaceTransition" weight="1"  inhibitingCondition=""> 
    <nail xnail="0" ynail="0"/> 
    <graphics  color="0"> 
     </graphics> 
  </arc> 
 

  <arc place="14" transition="9" type="PlaceTransition" weight="1"  inhibitingCondition=""> 
    <nail xnail="0" ynail="0"/> 
    <graphics  color="0"> 
     </graphics> 
  </arc> 
 

  <arc place="4" transition="9" type="TransitionPlace" weight="1"> 
     <nail xnail="0" ynail="0"/> 
     <graphics  color="0"> 
     </graphics> 
  </arc> 

  <arc place="10" transition="9" type="TransitionPlace" weight="1"> 
     <nail xnail="0" ynail="0"/> 
     <graphics  color="0"> 
     </graphics> 
  </arc> 

  <arc place="15" transition="9" type="TransitionPlace" weight="1"> 
     <nail xnail="0" ynail="0"/> 
     <graphics  color="0"> 
     </graphics> 
  </arc> 

  <arc place="1" transition="10" type="PlaceTransition" weight="1"  inhibitingCondition=""> 
    <nail xnail="0" ynail="0"/> 
    <graphics  color="0"> 
     </graphics> 
  </arc> 
 

  <arc place="8" transition="10" type="PlaceTransition" weight="1"  inhibitingCondition=""> 
    <nail xnail="0" ynail="0"/> 
    <graphics  color="0"> 
     </graphics> 
  </arc> 
 

  <arc place="14" transition="10" type="PlaceTransition" weight="1"  inhibitingCondition=""> 
    <nail xnail="0" ynail="0"/> 
    <graphics  color="0"> 
     </graphics> 
  </arc> 
 

  <arc place="4" transition="10" type="TransitionPlace" weight="1"> 
     <nail xnail="0" ynail="0"/> 
     <graphics  color="0"> 
     </graphics> 
  </arc> 

  <arc place="11" transition="10" type="TransitionPlace" weight="1"> 
     <nail xnail="0" ynail="0"/> 
     <graphics  color="0"> 
     </graphics> 
  </arc> 

  <arc place="15" transition="10" type="TransitionPlace" weight="1"> 
     <nail xnail="0" ynail="0"/> 
     <graphics  color="0"> 
     </graphics> 
  </arc> 

  <arc place="9" transition="11" type="PlaceTransition" weight="1"  inhibitingCondition=""> 
    <nail xnail="0" ynail="0"/> 
    <graphics  color="0"> 
     </graphics> 
  </arc> 
 

  <arc place="7" transition="11" type="PlaceTransition" weight="1"  inhibitingCondition=""> 
    <nail xnail="0" ynail="0"/> 
    <graphics  color="0"> 
     </graphics> 
  </arc> 
 

  <arc place="8" transition="11" type="logicalInhibitor" weight="1"  inhibitingCondition=""> 
    <nail xnail="0" ynail="0"/> 
    <graphics  color="0"> 
     </graphics> 
  </arc> 
 

  <arc place="13" transition="11" type="TransitionPlace" weight="1"> 
     <nail xnail="0" ynail="0"/> 
     <graphics  color="0"> 
     </graphics> 
  </arc> 

  <arc place="2" transition="12" type="PlaceTransition" weight="1"  inhibitingCondition=""> 
    <nail xnail="0" ynail="0"/> 
    <graphics  color="0"> 
     </graphics> 
  </arc> 
 

  <arc place="3" transition="12" type="PlaceTransition" weight="1"  inhibitingCondition=""> 
    <nail xnail="0" ynail="0"/> 
    <graphics  color="0"> 
     </graphics> 
  </arc> 
 

  <arc place="14" transition="12" type="PlaceTransition" weight="1"  inhibitingCondition=""> 
    <nail xnail="0" ynail="0"/> 
    <graphics  color="0"> 
     </graphics> 
  </arc> 
 

  <arc place="5" transition="12" type="TransitionPlace" weight="1"> 
     <nail xnail="0" ynail="0"/> 
     <graphics  color="0"> 
     </graphics> 
  </arc> 

  <arc place="6" transition="12" type="TransitionPlace" weight="1"> 
     <nail xnail="0" ynail="0"/> 
     <graphics  color="0"> 
     </graphics> 
  </arc> 

  <arc place="15" transition="12" type="TransitionPlace" weight="1"> 
     <nail xnail="0" ynail="0"/> 
     <graphics  color="0"> 
     </graphics> 
  </arc> 

  <arc place="1" transition="13" type="PlaceTransition" weight="1"  inhibitingCondition=""> 
    <nail xnail="0" ynail="0"/> 
    <graphics  color="0"> 
     </graphics> 
  </arc> 
 

  <arc place="3" transition="13" type="PlaceTransition" weight="1"  inhibitingCondition=""> 
    <nail xnail="0" ynail="0"/> 
    <graphics  color="0"> 
     </graphics> 
  </arc> 
 

  <arc place="2" transition="13" type="logicalInhibitor" weight="1"  inhibitingCondition=""> 
    <nail xnail="0" ynail="0"/> 
    <graphics  color="0"> 
     </graphics> 
  </arc> 
 

  <arc place="13" transition="13" type="TransitionPlace" weight="1"> 
     <nail xnail="0" ynail="0"/> 
     <graphics  color="0"> 
     </graphics> 
  </arc> 

  <arc place="2" transition="14" type="PlaceTransition" weight="1"  inhibitingCondition=""> 
    <nail xnail="0" ynail="0"/> 
    <graphics  color="0"> 
     </graphics> 
  </arc> 
 

  <arc place="8" transition="14" type="PlaceTransition" weight="1"  inhibitingCondition=""> 
    <nail xnail="0" ynail="0"/> 
    <graphics  color="0"> 
     </graphics> 
  </arc> 
 

  <arc place="14" transition="14" type="PlaceTransition" weight="1"  inhibitingCondition=""> 
    <nail xnail="0" ynail="0"/> 
    <graphics  color="0"> 
     </graphics> 
  </arc> 
 

  <arc place="5" transition="14" type="TransitionPlace" weight="1"> 
     <nail xnail="0" ynail="0"/> 
     <graphics  color="0"> 
     </graphics> 
  </arc> 

  <arc place="11" transition="14" type="TransitionPlace" weight="1"> 
     <nail xnail="0" ynail="0"/> 
     <graphics  color="0"> 
     </graphics> 
  </arc> 

  <arc place="15" transition="14" type="TransitionPlace" weight="1"> 
     <nail xnail="0" ynail="0"/> 
     <graphics  color="0"> 
     </graphics> 
  </arc> 

  <arc place="2" transition="15" type="PlaceTransition" weight="1"  inhibitingCondition=""> 
    <nail xnail="0" ynail="0"/> 
    <graphics  color="0"> 
     </graphics> 
  </arc> 
 

  <arc place="7" transition="15" type="PlaceTransition" weight="1"  inhibitingCondition=""> 
    <nail xnail="0" ynail="0"/> 
    <graphics  color="0"> 
     </graphics> 
  </arc> 
 

  <arc place="1" transition="15" type="logicalInhibitor" weight="1"  inhibitingCondition=""> 
    <nail xnail="0" ynail="0"/> 
    <graphics  color="0"> 
     </graphics> 
  </arc> 
 

  <arc place="13" transition="15" type="TransitionPlace" weight="1"> 
     <nail xnail="0" ynail="0"/> 
     <graphics  color="0"> 
     </graphics> 
  </arc> 

  <arc place="3" transition="16" type="PlaceTransition" weight="1"  inhibitingCondition=""> 
    <nail xnail="0" ynail="0"/> 
    <graphics  color="0"> 
     </graphics> 
  </arc> 
 

  <arc place="8" transition="16" type="PlaceTransition" weight="1"  inhibitingCondition=""> 
    <nail xnail="0" ynail="0"/> 
    <graphics  color="0"> 
     </graphics> 
  </arc> 
 

  <arc place="14" transition="16" type="PlaceTransition" weight="1"  inhibitingCondition=""> 
    <nail xnail="0" ynail="0"/> 
    <graphics  color="0"> 
     </graphics> 
  </arc> 
 

  <arc place="6" transition="16" type="TransitionPlace" weight="1"> 
     <nail xnail="0" ynail="0"/> 
     <graphics  color="0"> 
     </graphics> 
  </arc> 

  <arc place="11" transition="16" type="TransitionPlace" weight="1"> 
     <nail xnail="0" ynail="0"/> 
     <graphics  color="0"> 
     </graphics> 
  </arc> 

  <arc place="15" transition="16" type="TransitionPlace" weight="1"> 
     <nail xnail="0" ynail="0"/> 
     <graphics  color="0"> 
     </graphics> 
  </arc> 

  <arc place="3" transition="17" type="PlaceTransition" weight="1"  inhibitingCondition=""> 
    <nail xnail="0" ynail="0"/> 
    <graphics  color="0"> 
     </graphics> 
  </arc> 
 

  <arc place="7" transition="17" type="PlaceTransition" weight="1"  inhibitingCondition=""> 
    <nail xnail="0" ynail="0"/> 
    <graphics  color="0"> 
     </graphics> 
  </arc> 
 

  <arc place="14" transition="17" type="PlaceTransition" weight="1"  inhibitingCondition=""> 
    <nail xnail="0" ynail="0"/> 
    <graphics  color="0"> 
     </graphics> 
  </arc> 
 

  <arc place="6" transition="17" type="TransitionPlace" weight="1"> 
     <nail xnail="0" ynail="0"/> 
     <graphics  color="0"> 
     </graphics> 
  </arc> 

  <arc place="10" transition="17" type="TransitionPlace" weight="1"> 
     <nail xnail="0" ynail="0"/> 
     <graphics  color="0"> 
     </graphics> 
  </arc> 

  <arc place="15" transition="17" type="TransitionPlace" weight="1"> 
     <nail xnail="0" ynail="0"/> 
     <graphics  color="0"> 
     </graphics> 
  </arc> 

  <arc place="7" transition="19" type="PlaceTransition" weight="1"  inhibitingCondition=""> 
    <nail xnail="0" ynail="0"/> 
    <graphics  color="0"> 
     </graphics> 
  </arc> 
 

  <arc place="8" transition="19" type="PlaceTransition" weight="1"  inhibitingCondition=""> 
    <nail xnail="0" ynail="0"/> 
    <graphics  color="0"> 
     </graphics> 
  </arc> 
 

  <arc place="14" transition="19" type="PlaceTransition" weight="1"  inhibitingCondition=""> 
    <nail xnail="0" ynail="0"/> 
    <graphics  color="0"> 
     </graphics> 
  </arc> 
 

  <arc place="10" transition="19" type="TransitionPlace" weight="1"> 
     <nail xnail="0" ynail="0"/> 
     <graphics  color="0"> 
     </graphics> 
  </arc> 

  <arc place="11" transition="19" type="TransitionPlace" weight="1"> 
     <nail xnail="0" ynail="0"/> 
     <graphics  color="0"> 
     </graphics> 
  </arc> 

  <arc place="15" transition="19" type="TransitionPlace" weight="1"> 
     <nail xnail="0" ynail="0"/> 
     <graphics  color="0"> 
     </graphics> 
  </arc> 

  <arc place="8" transition="21" type="PlaceTransition" weight="1"  inhibitingCondition=""> 
    <nail xnail="0" ynail="0"/> 
    <graphics  color="0"> 
     </graphics> 
  </arc> 
 

  <arc place="9" transition="21" type="PlaceTransition" weight="1"  inhibitingCondition=""> 
    <nail xnail="0" ynail="0"/> 
    <graphics  color="0"> 
     </graphics> 
  </arc> 
 

  <arc place="14" transition="21" type="PlaceTransition" weight="1"  inhibitingCondition=""> 
    <nail xnail="0" ynail="0"/> 
    <graphics  color="0"> 
     </graphics> 
  </arc> 
 

  <arc place="11" transition="21" type="TransitionPlace" weight="1"> 
     <nail xnail="0" ynail="0"/> 
     <graphics  color="0"> 
     </graphics> 
  </arc> 

  <arc place="12" transition="21" type="TransitionPlace" weight="1"> 
     <nail xnail="0" ynail="0"/> 
     <graphics  color="0"> 
     </graphics> 
  </arc> 

  <arc place="15" transition="21" type="TransitionPlace" weight="1"> 
     <nail xnail="0" ynail="0"/> 
     <graphics  color="0"> 
     </graphics> 
  </arc> 

  <arc place="4" transition="22" type="PlaceTransition" weight="1"  inhibitingCondition=""> 
    <nail xnail="0" ynail="0"/> 
    <graphics  color="0"> 
     </graphics> 
  </arc> 
 

  <arc place="15" transition="22" type="PlaceTransition" weight="1"  inhibitingCondition=""> 
    <nail xnail="0" ynail="0"/> 
    <graphics  color="0"> 
     </graphics> 
  </arc> 
 

  <arc place="1" transition="22" type="TransitionPlace" weight="1"> 
     <nail xnail="0" ynail="0"/> 
     <graphics  color="0"> 
     </graphics> 
  </arc> 

  <arc place="14" transition="22" type="TransitionPlace" weight="1"> 
     <nail xnail="0" ynail="0"/> 
     <graphics  color="0"> 
     </graphics> 
  </arc> 

  <arc place="5" transition="23" type="PlaceTransition" weight="1"  inhibitingCondition=""> 
    <nail xnail="0" ynail="0"/> 
    <graphics  color="0"> 
     </graphics> 
  </arc> 
 

  <arc place="15" transition="23" type="PlaceTransition" weight="1"  inhibitingCondition=""> 
    <nail xnail="0" ynail="0"/> 
    <graphics  color="0"> 
     </graphics> 
  </arc> 
 

  <arc place="2" transition="23" type="TransitionPlace" weight="1"> 
     <nail xnail="0" ynail="0"/> 
     <graphics  color="0"> 
     </graphics> 
  </arc> 

  <arc place="14" transition="23" type="TransitionPlace" weight="1"> 
     <nail xnail="0" ynail="0"/> 
     <graphics  color="0"> 
     </graphics> 
  </arc> 

  <arc place="11" transition="26" type="PlaceTransition" weight="1"  inhibitingCondition=""> 
    <nail xnail="0" ynail="0"/> 
    <graphics  color="0"> 
     </graphics> 
  </arc> 
 

  <arc place="15" transition="26" type="PlaceTransition" weight="1"  inhibitingCondition=""> 
    <nail xnail="0" ynail="0"/> 
    <graphics  color="0"> 
     </graphics> 
  </arc> 
 

  <arc place="8" transition="26" type="TransitionPlace" weight="1"> 
     <nail xnail="0" ynail="0"/> 
     <graphics  color="0"> 
     </graphics> 
  </arc> 

  <arc place="14" transition="26" type="TransitionPlace" weight="1"> 
     <nail xnail="0" ynail="0"/> 
     <graphics  color="0"> 
     </graphics> 
  </arc> 

  <arc place="4" transition="28" type="PlaceTransition" weight="1"  inhibitingCondition=""> 
    <nail xnail="0" ynail="0"/> 
    <graphics  color="0"> 
     </graphics> 
  </arc> 
 

  <arc place="5" transition="28" type="PlaceTransition" weight="1"  inhibitingCondition=""> 
    <nail xnail="0" ynail="0"/> 
    <graphics  color="0"> 
     </graphics> 
  </arc> 
 

  <arc place="15" transition="28" type="PlaceTransition" weight="1"  inhibitingCondition=""> 
    <nail xnail="0" ynail="0"/> 
    <graphics  color="0"> 
     </graphics> 
  </arc> 
 

  <arc place="1" transition="28" type="TransitionPlace" weight="1"> 
     <nail xnail="0" ynail="0"/> 
     <graphics  color="0"> 
     </graphics> 
  </arc> 

  <arc place="2" transition="28" type="TransitionPlace" weight="1"> 
     <nail xnail="0" ynail="0"/> 
     <graphics  color="0"> 
     </graphics> 
  </arc> 

  <arc place="14" transition="28" type="TransitionPlace" weight="1"> 
     <nail xnail="0" ynail="0"/> 
     <graphics  color="0"> 
     </graphics> 
  </arc> 

  <arc place="4" transition="30" type="PlaceTransition" weight="1"  inhibitingCondition=""> 
    <nail xnail="0" ynail="0"/> 
    <graphics  color="0"> 
     </graphics> 
  </arc> 
 

  <arc place="10" transition="30" type="PlaceTransition" weight="1"  inhibitingCondition=""> 
    <nail xnail="0" ynail="0"/> 
    <graphics  color="0"> 
     </graphics> 
  </arc> 
 

  <arc place="15" transition="30" type="PlaceTransition" weight="1"  inhibitingCondition=""> 
    <nail xnail="0" ynail="0"/> 
    <graphics  color="0"> 
     </graphics> 
  </arc> 
 

  <arc place="1" transition="30" type="TransitionPlace" weight="1"> 
     <nail xnail="0" ynail="0"/> 
     <graphics  color="0"> 
     </graphics> 
  </arc> 

  <arc place="7" transition="30" type="TransitionPlace" weight="1"> 
     <nail xnail="0" ynail="0"/> 
     <graphics  color="0"> 
     </graphics> 
  </arc> 

  <arc place="14" transition="30" type="TransitionPlace" weight="1"> 
     <nail xnail="0" ynail="0"/> 
     <graphics  color="0"> 
     </graphics> 
  </arc> 

  <arc place="4" transition="31" type="PlaceTransition" weight="1"  inhibitingCondition=""> 
    <nail xnail="0" ynail="0"/> 
    <graphics  color="0"> 
     </graphics> 
  </arc> 
 

  <arc place="11" transition="31" type="PlaceTransition" weight="1"  inhibitingCondition=""> 
    <nail xnail="0" ynail="0"/> 
    <graphics  color="0"> 
     </graphics> 
  </arc> 
 

  <arc place="15" transition="31" type="PlaceTransition" weight="1"  inhibitingCondition=""> 
    <nail xnail="0" ynail="0"/> 
    <graphics  color="0"> 
     </graphics> 
  </arc> 
 

  <arc place="1" transition="31" type="TransitionPlace" weight="1"> 
     <nail xnail="0" ynail="0"/> 
     <graphics  color="0"> 
     </graphics> 
  </arc> 

  <arc place="8" transition="31" type="TransitionPlace" weight="1"> 
     <nail xnail="0" ynail="0"/> 
     <graphics  color="0"> 
     </graphics> 
  </arc> 

  <arc place="14" transition="31" type="TransitionPlace" weight="1"> 
     <nail xnail="0" ynail="0"/> 
     <graphics  color="0"> 
     </graphics> 
  </arc> 

  <arc place="5" transition="33" type="PlaceTransition" weight="1"  inhibitingCondition=""> 
    <nail xnail="0" ynail="0"/> 
    <graphics  color="0"> 
     </graphics> 
  </arc> 
 

  <arc place="6" transition="33" type="PlaceTransition" weight="1"  inhibitingCondition=""> 
    <nail xnail="0" ynail="0"/> 
    <graphics  color="0"> 
     </graphics> 
  </arc> 
 

  <arc place="15" transition="33" type="PlaceTransition" weight="1"  inhibitingCondition=""> 
    <nail xnail="0" ynail="0"/> 
    <graphics  color="0"> 
     </graphics> 
  </arc> 
 

  <arc place="2" transition="33" type="TransitionPlace" weight="1"> 
     <nail xnail="0" ynail="0"/> 
     <graphics  color="0"> 
     </graphics> 
  </arc> 

  <arc place="3" transition="33" type="TransitionPlace" weight="1"> 
     <nail xnail="0" ynail="0"/> 
     <graphics  color="0"> 
     </graphics> 
  </arc> 

  <arc place="14" transition="33" type="TransitionPlace" weight="1"> 
     <nail xnail="0" ynail="0"/> 
     <graphics  color="0"> 
     </graphics> 
  </arc> 

  <arc place="9" transition="34" type="PlaceTransition" weight="1"  inhibitingCondition=""> 
    <nail xnail="0" ynail="0"/> 
    <graphics  color="0"> 
     </graphics> 
  </arc> 
 

  <arc place="2" transition="34" type="PlaceTransition" weight="1"  inhibitingCondition=""> 
    <nail xnail="0" ynail="0"/> 
    <graphics  color="0"> 
     </graphics> 
  </arc> 
 

  <arc place="8" transition="34" type="logicalInhibitor" weight="1"  inhibitingCondition=""> 
    <nail xnail="0" ynail="0"/> 
    <graphics  color="0"> 
     </graphics> 
  </arc> 
 

  <arc place="13" transition="34" type="TransitionPlace" weight="1"> 
     <nail xnail="0" ynail="0"/> 
     <graphics  color="0"> 
     </graphics> 
  </arc> 

  <arc place="5" transition="35" type="PlaceTransition" weight="1"  inhibitingCondition=""> 
    <nail xnail="0" ynail="0"/> 
    <graphics  color="0"> 
     </graphics> 
  </arc> 
 

  <arc place="11" transition="35" type="PlaceTransition" weight="1"  inhibitingCondition=""> 
    <nail xnail="0" ynail="0"/> 
    <graphics  color="0"> 
     </graphics> 
  </arc> 
 

  <arc place="15" transition="35" type="PlaceTransition" weight="1"  inhibitingCondition=""> 
    <nail xnail="0" ynail="0"/> 
    <graphics  color="0"> 
     </graphics> 
  </arc> 
 

  <arc place="8" transition="35" type="TransitionPlace" weight="1"> 
     <nail xnail="0" ynail="0"/> 
     <graphics  color="0"> 
     </graphics> 
  </arc> 

  <arc place="2" transition="35" type="TransitionPlace" weight="1"> 
     <nail xnail="0" ynail="0"/> 
     <graphics  color="0"> 
     </graphics> 
  </arc> 

  <arc place="14" transition="35" type="TransitionPlace" weight="1"> 
     <nail xnail="0" ynail="0"/> 
     <graphics  color="0"> 
     </graphics> 
  </arc> 

  <arc place="9" transition="36" type="PlaceTransition" weight="1"  inhibitingCondition=""> 
    <nail xnail="0" ynail="0"/> 
    <graphics  color="0"> 
     </graphics> 
  </arc> 
 

  <arc place="3" transition="36" type="PlaceTransition" weight="1"  inhibitingCondition=""> 
    <nail xnail="0" ynail="0"/> 
    <graphics  color="0"> 
     </graphics> 
  </arc> 
 

  <arc place="8" transition="36" type="logicalInhibitor" weight="1"  inhibitingCondition=""> 
    <nail xnail="0" ynail="0"/> 
    <graphics  color="0"> 
     </graphics> 
  </arc> 
 

  <arc place="13" transition="36" type="TransitionPlace" weight="1"> 
     <nail xnail="0" ynail="0"/> 
     <graphics  color="0"> 
     </graphics> 
  </arc> 

  <arc place="6" transition="37" type="PlaceTransition" weight="1"  inhibitingCondition=""> 
    <nail xnail="0" ynail="0"/> 
    <graphics  color="0"> 
     </graphics> 
  </arc> 
 

  <arc place="11" transition="37" type="PlaceTransition" weight="1"  inhibitingCondition=""> 
    <nail xnail="0" ynail="0"/> 
    <graphics  color="0"> 
     </graphics> 
  </arc> 
 

  <arc place="15" transition="37" type="PlaceTransition" weight="1"  inhibitingCondition=""> 
    <nail xnail="0" ynail="0"/> 
    <graphics  color="0"> 
     </graphics> 
  </arc> 
 

  <arc place="8" transition="37" type="TransitionPlace" weight="1"> 
     <nail xnail="0" ynail="0"/> 
     <graphics  color="0"> 
     </graphics> 
  </arc> 

  <arc place="3" transition="37" type="TransitionPlace" weight="1"> 
     <nail xnail="0" ynail="0"/> 
     <graphics  color="0"> 
     </graphics> 
  </arc> 

  <arc place="14" transition="37" type="TransitionPlace" weight="1"> 
     <nail xnail="0" ynail="0"/> 
     <graphics  color="0"> 
     </graphics> 
  </arc> 

  <arc place="6" transition="38" type="PlaceTransition" weight="1"  inhibitingCondition=""> 
    <nail xnail="0" ynail="0"/> 
    <graphics  color="0"> 
     </graphics> 
  </arc> 
 

  <arc place="10" transition="38" type="PlaceTransition" weight="1"  inhibitingCondition=""> 
    <nail xnail="0" ynail="0"/> 
    <graphics  color="0"> 
     </graphics> 
  </arc> 
 

  <arc place="15" transition="38" type="PlaceTransition" weight="1"  inhibitingCondition=""> 
    <nail xnail="0" ynail="0"/> 
    <graphics  color="0"> 
     </graphics> 
  </arc> 
 

  <arc place="3" transition="38" type="TransitionPlace" weight="1"> 
     <nail xnail="0" ynail="0"/> 
     <graphics  color="0"> 
     </graphics> 
  </arc> 

  <arc place="7" transition="38" type="TransitionPlace" weight="1"> 
     <nail xnail="0" ynail="0"/> 
     <graphics  color="0"> 
     </graphics> 
  </arc> 

  <arc place="14" transition="38" type="TransitionPlace" weight="1"> 
     <nail xnail="0" ynail="0"/> 
     <graphics  color="0"> 
     </graphics> 
  </arc> 

  <arc place="10" transition="40" type="PlaceTransition" weight="1"  inhibitingCondition=""> 
    <nail xnail="0" ynail="0"/> 
    <graphics  color="0"> 
     </graphics> 
  </arc> 
 

  <arc place="11" transition="40" type="PlaceTransition" weight="1"  inhibitingCondition=""> 
    <nail xnail="0" ynail="0"/> 
    <graphics  color="0"> 
     </graphics> 
  </arc> 
 

  <arc place="15" transition="40" type="PlaceTransition" weight="1"  inhibitingCondition=""> 
    <nail xnail="0" ynail="0"/> 
    <graphics  color="0"> 
     </graphics> 
  </arc> 
 

  <arc place="7" transition="40" type="TransitionPlace" weight="1"> 
     <nail xnail="0" ynail="0"/> 
     <graphics  color="0"> 
     </graphics> 
  </arc> 

  <arc place="8" transition="40" type="TransitionPlace" weight="1"> 
     <nail xnail="0" ynail="0"/> 
     <graphics  color="0"> 
     </graphics> 
  </arc> 

  <arc place="14" transition="40" type="TransitionPlace" weight="1"> 
     <nail xnail="0" ynail="0"/> 
     <graphics  color="0"> 
     </graphics> 
  </arc> 

  <arc place="12" transition="42" type="PlaceTransition" weight="1"  inhibitingCondition=""> 
    <nail xnail="0" ynail="0"/> 
    <graphics  color="0"> 
     </graphics> 
  </arc> 
 

  <arc place="11" transition="42" type="PlaceTransition" weight="1"  inhibitingCondition=""> 
    <nail xnail="0" ynail="0"/> 
    <graphics  color="0"> 
     </graphics> 
  </arc> 
 

  <arc place="15" transition="42" type="PlaceTransition" weight="1"  inhibitingCondition=""> 
    <nail xnail="0" ynail="0"/> 
    <graphics  color="0"> 
     </graphics> 
  </arc> 
 

  <arc place="9" transition="42" type="TransitionPlace" weight="1"> 
     <nail xnail="0" ynail="0"/> 
     <graphics  color="0"> 
     </graphics> 
  </arc> 

  <arc place="8" transition="42" type="TransitionPlace" weight="1"> 
     <nail xnail="0" ynail="0"/> 
     <graphics  color="0"> 
     </graphics> 
  </arc> 

  <arc place="14" transition="42" type="TransitionPlace" weight="1"> 
     <nail xnail="0" ynail="0"/> 
     <graphics  color="0"> 
     </graphics> 
  </arc> 

  <arc place="12" transition="43" type="PlaceTransition" weight="1"  inhibitingCondition=""> 
    <nail xnail="0" ynail="0"/> 
    <graphics  color="0"> 
     </graphics> 
  </arc> 
 

  <arc place="4" transition="43" type="PlaceTransition" weight="1"  inhibitingCondition=""> 
    <nail xnail="0" ynail="0"/> 
    <graphics  color="0"> 
     </graphics> 
  </arc> 
 

  <arc place="11" transition="43" type="logicalInhibitor" weight="1"  inhibitingCondition=""> 
    <nail xnail="0" ynail="0"/> 
    <graphics  color="0"> 
     </graphics> 
  </arc> 
 

  <arc place="13" transition="43" type="TransitionPlace" weight="1"> 
     <nail xnail="0" ynail="0"/> 
     <graphics  color="0"> 
     </graphics> 
  </arc> 

  <arc place="12" transition="44" type="PlaceTransition" weight="1"  inhibitingCondition=""> 
    <nail xnail="0" ynail="0"/> 
    <graphics  color="0"> 
     </graphics> 
  </arc> 
 

  <arc place="10" transition="44" type="PlaceTransition" weight="1"  inhibitingCondition=""> 
    <nail xnail="0" ynail="0"/> 
    <graphics  color="0"> 
     </graphics> 
  </arc> 
 

  <arc place="11" transition="44" type="logicalInhibitor" weight="1"  inhibitingCondition=""> 
    <nail xnail="0" ynail="0"/> 
    <graphics  color="0"> 
     </graphics> 
  </arc> 
 

  <arc place="13" transition="44" type="TransitionPlace" weight="1"> 
     <nail xnail="0" ynail="0"/> 
     <graphics  color="0"> 
     </graphics> 
  </arc> 

  <arc place="4" transition="45" type="PlaceTransition" weight="1"  inhibitingCondition=""> 
    <nail xnail="0" ynail="0"/> 
    <graphics  color="0"> 
     </graphics> 
  </arc> 
 

  <arc place="6" transition="45" type="PlaceTransition" weight="1"  inhibitingCondition=""> 
    <nail xnail="0" ynail="0"/> 
    <graphics  color="0"> 
     </graphics> 
  </arc> 
 

  <arc place="5" transition="45" type="logicalInhibitor" weight="1"  inhibitingCondition=""> 
    <nail xnail="0" ynail="0"/> 
    <graphics  color="0"> 
     </graphics> 
  </arc> 
 

  <arc place="13" transition="45" type="TransitionPlace" weight="1"> 
     <nail xnail="0" ynail="0"/> 
     <graphics  color="0"> 
     </graphics> 
  </arc> 

  <arc place="5" transition="46" type="PlaceTransition" weight="1"  inhibitingCondition=""> 
    <nail xnail="0" ynail="0"/> 
    <graphics  color="0"> 
     </graphics> 
  </arc> 
 

  <arc place="10" transition="46" type="PlaceTransition" weight="1"  inhibitingCondition=""> 
    <nail xnail="0" ynail="0"/> 
    <graphics  color="0"> 
     </graphics> 
  </arc> 
 

  <arc place="4" transition="46" type="logicalInhibitor" weight="1"  inhibitingCondition=""> 
    <nail xnail="0" ynail="0"/> 
    <graphics  color="0"> 
     </graphics> 
  </arc> 
 

  <arc place="13" transition="46" type="TransitionPlace" weight="1"> 
     <nail xnail="0" ynail="0"/> 
     <graphics  color="0"> 
     </graphics> 
  </arc> 

  <arc place="12" transition="47" type="PlaceTransition" weight="1"  inhibitingCondition=""> 
    <nail xnail="0" ynail="0"/> 
    <graphics  color="0"> 
     </graphics> 
  </arc> 
 

  <arc place="5" transition="47" type="PlaceTransition" weight="1"  inhibitingCondition=""> 
    <nail xnail="0" ynail="0"/> 
    <graphics  color="0"> 
     </graphics> 
  </arc> 
 

  <arc place="11" transition="47" type="logicalInhibitor" weight="1"  inhibitingCondition=""> 
    <nail xnail="0" ynail="0"/> 
    <graphics  color="0"> 
     </graphics> 
  </arc> 
 

  <arc place="13" transition="47" type="TransitionPlace" weight="1"> 
     <nail xnail="0" ynail="0"/> 
     <graphics  color="0"> 
     </graphics> 
  </arc> 

  <arc place="12" transition="48" type="PlaceTransition" weight="1"  inhibitingCondition=""> 
    <nail xnail="0" ynail="0"/> 
    <graphics  color="0"> 
     </graphics> 
  </arc> 
 

  <arc place="6" transition="48" type="PlaceTransition" weight="1"  inhibitingCondition=""> 
    <nail xnail="0" ynail="0"/> 
    <graphics  color="0"> 
     </graphics> 
  </arc> 
 

  <arc place="11" transition="48" type="logicalInhibitor" weight="1"  inhibitingCondition=""> 
    <nail xnail="0" ynail="0"/> 
    <graphics  color="0"> 
     </graphics> 
  </arc> 
 

  <arc place="13" transition="48" type="TransitionPlace" weight="1"> 
     <nail xnail="0" ynail="0"/> 
     <graphics  color="0"> 
     </graphics> 
  </arc> 

  <timedCost></timedCost>

  <declaration><![CDATA[// insert here your type definitions using C-like syntax


// insert here your function definitions 
// using C-like syntax]]></declaration>

  <initialization><![CDATA[// insert here the state variables declarations 
// and possibly some code to initialize them 
// using C-like syntax]]></initialization>

  <preferences> 
      <colorPlace  c0="SkyBlue2"  c1="gray"  c2="cyan"  c3="green"  c4="yellow"  c5="brown" /> 
 
      <colorTransition  c0="yellow"  c1="gray"  c2="cyan"  c3="green"  c4="SkyBlue2"  c5="brown" /> 
 
      <colorArc  c0="black"  c1="gray"  c2="blue"  c3="#beb760"  c4="#be5c7e"  c5="#46be90" /> 
 
  </preferences> 
 </TPN> 

