<?xml version="1.0" encoding="UTF-8" ?>
<romeo version="Romeo v3.4.0"> </romeo>
<TPN name="/home/bastien/Documents/Logiciel/Romeo/romeo-3.4.0/Fermier2.xml">
  <place id="1" identifier="Fermier_depart" label="Fermier_depart" initialMarking="1" eft="0" lft="inf"> 
      <graphics color="0"> 
         <position x="16" y="1"/> 
         <deltaLabel deltax="-8" deltay="-30"/> 
      </graphics> 
      <scheduling gamma="0" omega="0"/> 
  </place> 

  <place id="2" identifier="Chou_depart" label="Chou_depart" initialMarking="1" eft="0" lft="inf"> 
      <graphics color="0"> 
         <position x="301" y="91"/> 
         <deltaLabel deltax="10" deltay="10"/> 
      </graphics> 
      <scheduling gamma="0" omega="0"/> 
  </place> 

  <place id="3" identifier="Chevre_depart" label="Chevre_depart" initialMarking="1" eft="0" lft="inf"> 
      <graphics color="0"> 
         <position x="541" y="91"/> 
         <deltaLabel deltax="10" deltay="10"/> 
      </graphics> 
      <scheduling gamma="0" omega="0"/> 
  </place> 

  <place id="4" identifier="Loup_depart" label="Loup_depart" initialMarking="1" eft="0" lft="inf"> 
      <graphics color="0"> 
         <position x="751" y="91"/> 
         <deltaLabel deltax="10" deltay="10"/> 
      </graphics> 
      <scheduling gamma="0" omega="0"/> 
  </place> 

  <place id="5" identifier="Fermier_arrivee" label="Fermier_arrivee" initialMarking="0" eft="0" lft="inf"> 
      <graphics color="2"> 
         <position x="31" y="871"/> 
         <deltaLabel deltax="10" deltay="10"/> 
      </graphics> 
      <scheduling gamma="0" omega="0"/> 
  </place> 

  <place id="6" identifier="Chou_arrivee" label="Chou_arrivee" initialMarking="0" eft="0" lft="inf"> 
      <graphics color="2"> 
         <position x="301" y="601"/> 
         <deltaLabel deltax="10" deltay="10"/> 
      </graphics> 
      <scheduling gamma="0" omega="0"/> 
  </place> 

  <place id="7" identifier="Chevre_arrivee" label="Chevre_arrivee" initialMarking="0" eft="0" lft="inf"> 
      <graphics color="2"> 
         <position x="541" y="601"/> 
         <deltaLabel deltax="10" deltay="10"/> 
      </graphics> 
      <scheduling gamma="0" omega="0"/> 
  </place> 

  <place id="8" identifier="Loup_arrivee" label="Loup_arrivee" initialMarking="0" eft="0" lft="inf"> 
      <graphics color="2"> 
         <position x="751" y="601"/> 
         <deltaLabel deltax="10" deltay="10"/> 
      </graphics> 
      <scheduling gamma="0" omega="0"/> 
  </place> 

  <place id="9" identifier="Echec" label="Dead" initialMarking="0" eft="0" lft="inf"> 
      <graphics color="2"> 
         <position x="1606" y="256"/> 
         <deltaLabel deltax="10" deltay="10"/> 
      </graphics> 
      <scheduling gamma="0" omega="0"/> 
  </place> 

  <place id="10" identifier="Baton_depart" label="Baton_depart" initialMarking="1" eft="0" lft="inf"> 
      <graphics color="0"> 
         <position x="1021" y="91"/> 
         <deltaLabel deltax="10" deltay="10"/> 
      </graphics> 
      <scheduling gamma="0" omega="0"/> 
  </place> 

  <place id="11" identifier="Feu_depart" label="Feu_depart" initialMarking="1" eft="0" lft="inf"> 
      <graphics color="0"> 
         <position x="1291" y="91"/> 
         <deltaLabel deltax="10" deltay="10"/> 
      </graphics> 
      <scheduling gamma="0" omega="0"/> 
  </place> 

  <place id="12" identifier="Baton_arrivee" label="Baton_arrivee" initialMarking="0" eft="0" lft="inf"> 
      <graphics color="2"> 
         <position x="1021" y="601"/> 
         <deltaLabel deltax="10" deltay="10"/> 
      </graphics> 
      <scheduling gamma="0" omega="0"/> 
  </place> 

  <place id="13" identifier="Feu_arrivee" label="Feu_arrivee" initialMarking="0" eft="0" lft="inf"> 
      <graphics color="2"> 
         <position x="1291" y="601"/> 
         <deltaLabel deltax="10" deltay="10"/> 
      </graphics> 
      <scheduling gamma="0" omega="0"/> 
  </place> 

  <transition id="1" identifier="Manger_chevre_d" label="Manger_chevre_d"  eft="0" lft="0" lft_param="0" speed="1" cost="0" unctrl="0" obs="1"  guard=""> 
     <graphics color="0"> 
        <position x="1771" y="196"/> 
        <deltaLabel deltax="25" deltay="0"/> 
        <deltaGuard deltax="20" deltay="-20"/> 
        <deltaUpdate deltax="20" deltay="10"/> 
        <deltaSpeed deltax="-20" deltay="5"/> 
        <deltaCost deltax="-20" deltay="5"/> 
     </graphics> 
     <update><![CDATA[]]></update> 
  </transition> 

  <transition id="2" identifier="Manger_chevre_a" label="Manger_chevre_a"  eft="0" lft="0" lft_param="0" speed="1" cost="0" unctrl="0" obs="1"  guard=""> 
     <graphics color="0"> 
        <position x="1771" y="286"/> 
        <deltaLabel deltax="41.0" deltay="4.0"/> 
        <deltaGuard deltax="20" deltay="-20"/> 
        <deltaUpdate deltax="20" deltay="10"/> 
        <deltaSpeed deltax="-20" deltay="5"/> 
        <deltaCost deltax="-20" deltay="5"/> 
     </graphics> 
     <update><![CDATA[]]></update> 
  </transition> 

  <transition id="3" identifier="Manger_chou_a" label="Manger_chou_a"  eft="0" lft="0" lft_param="0" speed="1" cost="0" unctrl="0" obs="1"  guard=""> 
     <graphics color="0"> 
        <position x="1666" y="286"/> 
        <deltaLabel deltax="10.0" deltay="5.0"/> 
        <deltaGuard deltax="20" deltay="-20"/> 
        <deltaUpdate deltax="20" deltay="10"/> 
        <deltaSpeed deltax="-20" deltay="5"/> 
        <deltaCost deltax="-20" deltay="5"/> 
     </graphics> 
     <update><![CDATA[]]></update> 
  </transition> 

  <transition id="4" identifier="Manger_chou_d" label="Manger_chou_d"  eft="0" lft="0" lft_param="0" speed="1" cost="0" unctrl="0" obs="1"  guard=""> 
     <graphics color="0"> 
        <position x="1666" y="196"/> 
        <deltaLabel deltax="25" deltay="0"/> 
        <deltaGuard deltax="20" deltay="-20"/> 
        <deltaUpdate deltax="20" deltay="10"/> 
        <deltaSpeed deltax="-20" deltay="5"/> 
        <deltaCost deltax="-20" deltay="5"/> 
     </graphics> 
     <update><![CDATA[]]></update> 
  </transition> 

  <transition id="5" identifier="Transport_chou_da" label="Transport_chou_da"  eft="1" lft="inf" eft_param="1" speed="1" cost="0" unctrl="0" obs="1"  guard=""> 
     <graphics color="0"> 
        <position x="301" y="271"/> 
        <deltaLabel deltax="31" deltay="5"/> 
        <deltaGuard deltax="20" deltay="-20"/> 
        <deltaUpdate deltax="20" deltay="10"/> 
        <deltaSpeed deltax="-20" deltay="5"/> 
        <deltaCost deltax="-20" deltay="5"/> 
     </graphics> 
     <update><![CDATA[]]></update> 
  </transition> 

  <transition id="6" identifier="Transport_chevre_da" label="Transport_chevre_da"  eft="1" lft="inf" eft_param="1" speed="1" cost="0" unctrl="0" obs="1"  guard=""> 
     <graphics color="0"> 
        <position x="541" y="271"/> 
        <deltaLabel deltax="31.0" deltay="9.0"/> 
        <deltaGuard deltax="20" deltay="-20"/> 
        <deltaUpdate deltax="20" deltay="10"/> 
        <deltaSpeed deltax="-20" deltay="5"/> 
        <deltaCost deltax="-20" deltay="5"/> 
     </graphics> 
     <update><![CDATA[]]></update> 
  </transition> 

  <transition id="7" identifier="Transport_loup_da" label="Transport_loup_da"  eft="1" lft="inf" eft_param="1" speed="1" cost="0" unctrl="0" obs="1"  guard=""> 
     <graphics color="0"> 
        <position x="751" y="271"/> 
        <deltaLabel deltax="25" deltay="0"/> 
        <deltaGuard deltax="20" deltay="-20"/> 
        <deltaUpdate deltax="20" deltay="10"/> 
        <deltaSpeed deltax="-20" deltay="5"/> 
        <deltaCost deltax="-20" deltay="5"/> 
     </graphics> 
     <update><![CDATA[]]></update> 
  </transition> 

  <transition id="8" identifier="Retour_seul" label="Retour_seul"  eft="1" lft="inf" eft_param="1" speed="1" cost="0" unctrl="0" obs="1"  guard=""> 
     <graphics color="0"> 
        <position x="31" y="361"/> 
        <deltaLabel deltax="4.0" deltay="10.0"/> 
        <deltaGuard deltax="20" deltay="-20"/> 
        <deltaUpdate deltax="20" deltay="10"/> 
        <deltaSpeed deltax="-20" deltay="5"/> 
        <deltaCost deltax="-20" deltay="5"/> 
     </graphics> 
     <update><![CDATA[]]></update> 
  </transition> 

  <transition id="9" identifier="Transport_chou_ad" label="Transport_chou_ad"  eft="1" lft="inf" eft_param="1" speed="1" cost="0" unctrl="0" obs="1"  guard=""> 
     <graphics color="0"> 
        <position x="301" y="481"/> 
        <deltaLabel deltax="25" deltay="0"/> 
        <deltaGuard deltax="20" deltay="-20"/> 
        <deltaUpdate deltax="20" deltay="10"/> 
        <deltaSpeed deltax="-20" deltay="5"/> 
        <deltaCost deltax="-20" deltay="5"/> 
     </graphics> 
     <update><![CDATA[]]></update> 
  </transition> 

  <transition id="10" identifier="Transport_chevre_ad" label="Transport_chevre_ad"  eft="1" lft="inf" eft_param="1" speed="1" cost="0" unctrl="0" obs="1"  guard=""> 
     <graphics color="0"> 
        <position x="541" y="481"/> 
        <deltaLabel deltax="25" deltay="0"/> 
        <deltaGuard deltax="20" deltay="-20"/> 
        <deltaUpdate deltax="20" deltay="10"/> 
        <deltaSpeed deltax="-20" deltay="5"/> 
        <deltaCost deltax="-20" deltay="5"/> 
     </graphics> 
     <update><![CDATA[]]></update> 
  </transition> 

  <transition id="11" identifier="Transport_loup_ad" label="Transport_loup_ad"  eft="1" lft="inf" eft_param="1" speed="1" cost="0" unctrl="0" obs="1"  guard=""> 
     <graphics color="0"> 
        <position x="751" y="481"/> 
        <deltaLabel deltax="34.0" deltay="11.0"/> 
        <deltaGuard deltax="20" deltay="-20"/> 
        <deltaUpdate deltax="20" deltay="10"/> 
        <deltaSpeed deltax="-20" deltay="5"/> 
        <deltaCost deltax="-20" deltay="5"/> 
     </graphics> 
     <update><![CDATA[]]></update> 
  </transition> 

  <transition id="12" identifier="Transport_baton_da" label="Transport_baton_da"  eft="1" lft="inf" eft_param="1" speed="1" cost="0" unctrl="0" obs="1"  guard=""> 
     <graphics color="0"> 
        <position x="1021" y="271"/> 
        <deltaLabel deltax="28" deltay="4"/> 
        <deltaGuard deltax="20" deltay="-20"/> 
        <deltaUpdate deltax="20" deltay="10"/> 
        <deltaSpeed deltax="-20" deltay="5"/> 
        <deltaCost deltax="-20" deltay="5"/> 
     </graphics> 
     <update><![CDATA[]]></update> 
  </transition> 

  <transition id="13" identifier="Transport_feu_da" label="Transport_feu_da"  eft="1" lft="inf" eft_param="1" speed="1" cost="0" unctrl="0" obs="1"  guard=""> 
     <graphics color="0"> 
        <position x="1291" y="271"/> 
        <deltaLabel deltax="25" deltay="7"/> 
        <deltaGuard deltax="20" deltay="-20"/> 
        <deltaUpdate deltax="20" deltay="10"/> 
        <deltaSpeed deltax="-20" deltay="5"/> 
        <deltaCost deltax="-20" deltay="5"/> 
     </graphics> 
     <update><![CDATA[]]></update> 
  </transition> 

  <transition id="14" identifier="Transport_baton_ad" label="Transport_baton_ad"  eft="1" lft="inf" eft_param="1" speed="1" cost="0" unctrl="0" obs="1"  guard=""> 
     <graphics color="0"> 
        <position x="1021" y="481"/> 
        <deltaLabel deltax="28" deltay="4"/> 
        <deltaGuard deltax="20" deltay="-20"/> 
        <deltaUpdate deltax="20" deltay="10"/> 
        <deltaSpeed deltax="-20" deltay="5"/> 
        <deltaCost deltax="-20" deltay="5"/> 
     </graphics> 
     <update><![CDATA[]]></update> 
  </transition> 

  <transition id="15" identifier="Transport_feu_ad" label="Transport_feu_ad"  eft="1" lft="inf" eft_param="1" speed="1" cost="0" unctrl="0" obs="1"  guard=""> 
     <graphics color="0"> 
        <position x="1306" y="481"/> 
        <deltaLabel deltax="25" deltay="0"/> 
        <deltaGuard deltax="20" deltay="-20"/> 
        <deltaUpdate deltax="20" deltay="10"/> 
        <deltaSpeed deltax="-20" deltay="5"/> 
        <deltaCost deltax="-20" deltay="5"/> 
     </graphics> 
     <update><![CDATA[]]></update> 
  </transition> 

  <transition id="16" identifier="Brule_baton_d" label="Brule_baton_d"  eft="0" lft="0" lft_param="0" speed="1" cost="0" unctrl="0" obs="1"  guard=""> 
     <graphics color="0"> 
        <position x="1576" y="196"/> 
        <deltaLabel deltax="16.0" deltay="0.0"/> 
        <deltaGuard deltax="20" deltay="-20"/> 
        <deltaUpdate deltax="20" deltay="10"/> 
        <deltaSpeed deltax="-20" deltay="5"/> 
        <deltaCost deltax="-20" deltay="5"/> 
     </graphics> 
     <update><![CDATA[]]></update> 
  </transition> 

  <transition id="17" identifier="Tape_loup_d" label="Tape_loup_d"  eft="0" lft="0" lft_param="0" speed="1" cost="0" unctrl="0" obs="1"  guard=""> 
     <graphics color="0"> 
        <position x="1471" y="196"/> 
        <deltaLabel deltax="25" deltay="0"/> 
        <deltaGuard deltax="20" deltay="-20"/> 
        <deltaUpdate deltax="20" deltay="10"/> 
        <deltaSpeed deltax="-20" deltay="5"/> 
        <deltaCost deltax="-20" deltay="5"/> 
     </graphics> 
     <update><![CDATA[]]></update> 
  </transition> 

  <transition id="18" identifier="Brule_baton_a" label="Brule_baton_a"  eft="0" lft="0" lft_param="0" speed="1" cost="0" unctrl="0" obs="1"  guard=""> 
     <graphics color="0"> 
        <position x="1591" y="286"/> 
        <deltaLabel deltax="25" deltay="0"/> 
        <deltaGuard deltax="20" deltay="-20"/> 
        <deltaUpdate deltax="20" deltay="10"/> 
        <deltaSpeed deltax="-20" deltay="5"/> 
        <deltaCost deltax="-20" deltay="5"/> 
     </graphics> 
     <update><![CDATA[]]></update> 
  </transition> 

  <transition id="19" identifier="Tape_loup_a" label="Tape_loup_a"  eft="0" lft="0" lft_param="0" speed="1" cost="0" unctrl="0" obs="1"  guard=""> 
     <graphics color="0"> 
        <position x="1471" y="286"/> 
        <deltaLabel deltax="28.0" deltay="5.0"/> 
        <deltaGuard deltax="20" deltay="-20"/> 
        <deltaUpdate deltax="20" deltay="10"/> 
        <deltaSpeed deltax="-20" deltay="5"/> 
        <deltaCost deltax="-20" deltay="5"/> 
     </graphics> 
     <update><![CDATA[]]></update> 
  </transition> 

  <transition id="20" identifier="ChouFeu_d" label="ChouFeu_d"  eft="1" lft="inf" eft_param="1" speed="1" cost="0" unctrl="0" obs="1"  guard=""> 
     <graphics color="5"> 
        <position x="391" y="181"/> 
        <deltaLabel deltax="25" deltay="0"/> 
        <deltaGuard deltax="20" deltay="-20"/> 
        <deltaUpdate deltax="20" deltay="10"/> 
        <deltaSpeed deltax="-20" deltay="5"/> 
        <deltaCost deltax="-20" deltay="5"/> 
     </graphics> 
     <update><![CDATA[]]></update> 
  </transition> 

  <transition id="21" identifier="ChouBaton_d" label="ChouBaton_d"  eft="1" lft="inf" eft_param="1" speed="1" cost="0" unctrl="0" obs="1"  guard=""> 
     <graphics color="5"> 
        <position x="331" y="181"/> 
        <deltaLabel deltax="25" deltay="0"/> 
        <deltaGuard deltax="20" deltay="-20"/> 
        <deltaUpdate deltax="20" deltay="10"/> 
        <deltaSpeed deltax="-20" deltay="5"/> 
        <deltaCost deltax="-20" deltay="5"/> 
     </graphics> 
     <update><![CDATA[]]></update> 
  </transition> 

  <transition id="22" identifier="ChouChevre_d" label="ChouChevre_d"  eft="1" lft="inf" eft_param="1" speed="1" cost="0" unctrl="0" obs="1"  guard=""> 
     <graphics color="5"> 
        <position x="211" y="181"/> 
        <deltaLabel deltax="25" deltay="0"/> 
        <deltaGuard deltax="20" deltay="-20"/> 
        <deltaUpdate deltax="20" deltay="10"/> 
        <deltaSpeed deltax="-20" deltay="5"/> 
        <deltaCost deltax="-20" deltay="5"/> 
     </graphics> 
     <update><![CDATA[]]></update> 
  </transition> 

  <transition id="23" identifier="ChouLoup_d" label="ChouLoup_d"  eft="1" lft="inf" eft_param="1" speed="1" cost="0" unctrl="0" obs="1"  guard=""> 
     <graphics color="5"> 
        <position x="271" y="181"/> 
        <deltaLabel deltax="25" deltay="0"/> 
        <deltaGuard deltax="20" deltay="-20"/> 
        <deltaUpdate deltax="20" deltay="10"/> 
        <deltaSpeed deltax="-20" deltay="5"/> 
        <deltaCost deltax="-20" deltay="5"/> 
     </graphics> 
     <update><![CDATA[]]></update> 
  </transition> 

  <transition id="24" identifier="ChevreLoup_d" label="ChevreLoup_d"  eft="1" lft="inf" eft_param="1" speed="1" cost="0" unctrl="0" obs="1"  guard=""> 
     <graphics color="5"> 
        <position x="481" y="181"/> 
        <deltaLabel deltax="25" deltay="0"/> 
        <deltaGuard deltax="20" deltay="-20"/> 
        <deltaUpdate deltax="20" deltay="10"/> 
        <deltaSpeed deltax="-20" deltay="5"/> 
        <deltaCost deltax="-20" deltay="5"/> 
     </graphics> 
     <update><![CDATA[]]></update> 
  </transition> 

  <transition id="25" identifier="ChevreBaton_d" label="ChevreBaton_d"  eft="1" lft="inf" eft_param="1" speed="1" cost="0" unctrl="0" obs="1"  guard=""> 
     <graphics color="5"> 
        <position x="541" y="181"/> 
        <deltaLabel deltax="25" deltay="0"/> 
        <deltaGuard deltax="20" deltay="-20"/> 
        <deltaUpdate deltax="20" deltay="10"/> 
        <deltaSpeed deltax="-20" deltay="5"/> 
        <deltaCost deltax="-20" deltay="5"/> 
     </graphics> 
     <update><![CDATA[]]></update> 
  </transition> 

  <transition id="26" identifier="ChevreFeu_d" label="ChevreFeu_d"  eft="1" lft="inf" eft_param="1" speed="1" cost="0" unctrl="0" obs="1"  guard=""> 
     <graphics color="5"> 
        <position x="601" y="181"/> 
        <deltaLabel deltax="25" deltay="0"/> 
        <deltaGuard deltax="20" deltay="-20"/> 
        <deltaUpdate deltax="20" deltay="10"/> 
        <deltaSpeed deltax="-20" deltay="5"/> 
        <deltaCost deltax="-20" deltay="5"/> 
     </graphics> 
     <update><![CDATA[]]></update> 
  </transition> 

  <transition id="27" identifier="LoupBaton_d" label="LoupBaton_d"  eft="1" lft="inf" eft_param="1" speed="1" cost="0" unctrl="0" obs="1"  guard=""> 
     <graphics color="5"> 
        <position x="721" y="181"/> 
        <deltaLabel deltax="25" deltay="0"/> 
        <deltaGuard deltax="20" deltay="-20"/> 
        <deltaUpdate deltax="20" deltay="10"/> 
        <deltaSpeed deltax="-20" deltay="5"/> 
        <deltaCost deltax="-20" deltay="5"/> 
     </graphics> 
     <update><![CDATA[]]></update> 
  </transition> 

  <transition id="28" identifier="LoupFeu_d" label="LoupFeu_d"  eft="1" lft="inf" eft_param="1" speed="1" cost="0" unctrl="0" obs="1"  guard=""> 
     <graphics color="5"> 
        <position x="781" y="181"/> 
        <deltaLabel deltax="25" deltay="0"/> 
        <deltaGuard deltax="20" deltay="-20"/> 
        <deltaUpdate deltax="20" deltay="10"/> 
        <deltaSpeed deltax="-20" deltay="5"/> 
        <deltaCost deltax="-20" deltay="5"/> 
     </graphics> 
     <update><![CDATA[]]></update> 
  </transition> 

  <transition id="29" identifier="BatonFeu_d" label="BatonFeu_d"  eft="1" lft="inf" eft_param="1" speed="1" cost="0" unctrl="0" obs="1"  guard=""> 
     <graphics color="5"> 
        <position x="1021" y="181"/> 
        <deltaLabel deltax="-28.0" deltay="7.5"/> 
        <deltaGuard deltax="20" deltay="-20"/> 
        <deltaUpdate deltax="20" deltay="10"/> 
        <deltaSpeed deltax="-20" deltay="5"/> 
        <deltaCost deltax="-20" deltay="5"/> 
     </graphics> 
     <update><![CDATA[]]></update> 
  </transition> 

  <transition id="30" identifier="ChouChevre_a" label="ChouChevre_a"  eft="1" lft="inf" eft_param="1" speed="1" cost="0" unctrl="0" obs="1"  guard=""> 
     <graphics color="5"> 
        <position x="241" y="571"/> 
        <deltaLabel deltax="25" deltay="0"/> 
        <deltaGuard deltax="20" deltay="-20"/> 
        <deltaUpdate deltax="20" deltay="10"/> 
        <deltaSpeed deltax="-20" deltay="5"/> 
        <deltaCost deltax="-20" deltay="5"/> 
     </graphics> 
     <update><![CDATA[]]></update> 
  </transition> 

  <transition id="31" identifier="ChouLoup_a" label="ChouLoup_a"  eft="1" lft="inf" eft_param="1" speed="1" cost="0" unctrl="0" obs="1"  guard=""> 
     <graphics color="5"> 
        <position x="301" y="571"/> 
        <deltaLabel deltax="40" deltay="1"/> 
        <deltaGuard deltax="20" deltay="-20"/> 
        <deltaUpdate deltax="20" deltay="10"/> 
        <deltaSpeed deltax="-20" deltay="5"/> 
        <deltaCost deltax="-20" deltay="5"/> 
     </graphics> 
     <update><![CDATA[]]></update> 
  </transition> 

  <transition id="32" identifier="ChouBaton_a" label="ChouBaton_a"  eft="1" lft="inf" eft_param="1" speed="1" cost="0" unctrl="0" obs="1"  guard=""> 
     <graphics color="5"> 
        <position x="361" y="571"/> 
        <deltaLabel deltax="25" deltay="0"/> 
        <deltaGuard deltax="20" deltay="-20"/> 
        <deltaUpdate deltax="20" deltay="10"/> 
        <deltaSpeed deltax="-20" deltay="5"/> 
        <deltaCost deltax="-20" deltay="5"/> 
     </graphics> 
     <update><![CDATA[]]></update> 
  </transition> 

  <transition id="33" identifier="ChouFeu_a" label="ChouFeu_a"  eft="1" lft="inf" eft_param="1" speed="1" cost="0" unctrl="0" obs="1"  guard=""> 
     <graphics color="5"> 
        <position x="421" y="571"/> 
        <deltaLabel deltax="25" deltay="0"/> 
        <deltaGuard deltax="20" deltay="-20"/> 
        <deltaUpdate deltax="20" deltay="10"/> 
        <deltaSpeed deltax="-20" deltay="5"/> 
        <deltaCost deltax="-20" deltay="5"/> 
     </graphics> 
     <update><![CDATA[]]></update> 
  </transition> 

  <transition id="34" identifier="ChevreLoup_a" label="ChevreLoup_a"  eft="1" lft="inf" eft_param="1" speed="1" cost="0" unctrl="0" obs="1"  guard=""> 
     <graphics color="5"> 
        <position x="496" y="556"/> 
        <deltaLabel deltax="9.0" deltay="19.0"/> 
        <deltaGuard deltax="20" deltay="-20"/> 
        <deltaUpdate deltax="20" deltay="10"/> 
        <deltaSpeed deltax="-20" deltay="5"/> 
        <deltaCost deltax="-20" deltay="5"/> 
     </graphics> 
     <update><![CDATA[]]></update> 
  </transition> 

  <transition id="35" identifier="ChevreBaton_a" label="ChevreBaton_a"  eft="1" lft="inf" eft_param="1" speed="1" cost="0" unctrl="0" obs="1"  guard=""> 
     <graphics color="5"> 
        <position x="541" y="556"/> 
        <deltaLabel deltax="25.0" deltay="12.0"/> 
        <deltaGuard deltax="20" deltay="-20"/> 
        <deltaUpdate deltax="20" deltay="10"/> 
        <deltaSpeed deltax="-20" deltay="5"/> 
        <deltaCost deltax="-20" deltay="5"/> 
     </graphics> 
     <update><![CDATA[]]></update> 
  </transition> 

  <transition id="36" identifier="ChevreFeu_a" label="ChevreFeu_a"  eft="1" lft="inf" eft_param="1" speed="1" cost="0" unctrl="0" obs="1"  guard=""> 
     <graphics color="5"> 
        <position x="601" y="556"/> 
        <deltaLabel deltax="17.0" deltay="23.0"/> 
        <deltaGuard deltax="20" deltay="-20"/> 
        <deltaUpdate deltax="20" deltay="10"/> 
        <deltaSpeed deltax="-20" deltay="5"/> 
        <deltaCost deltax="-20" deltay="5"/> 
     </graphics> 
     <update><![CDATA[]]></update> 
  </transition> 

  <transition id="37" identifier="LoupBaton_a" label="LoupBaton_a"  eft="1" lft="inf" eft_param="1" speed="1" cost="0" unctrl="0" obs="1"  guard=""> 
     <graphics color="5"> 
        <position x="721" y="571"/> 
        <deltaLabel deltax="25" deltay="0"/> 
        <deltaGuard deltax="20" deltay="-20"/> 
        <deltaUpdate deltax="20" deltay="10"/> 
        <deltaSpeed deltax="-20" deltay="5"/> 
        <deltaCost deltax="-20" deltay="5"/> 
     </graphics> 
     <update><![CDATA[]]></update> 
  </transition> 

  <transition id="38" identifier="LoupFeu_a" label="LoupFeu_a"  eft="1" lft="inf" eft_param="1" speed="1" cost="0" unctrl="0" obs="1"  guard=""> 
     <graphics color="5"> 
        <position x="781" y="571"/> 
        <deltaLabel deltax="25" deltay="0"/> 
        <deltaGuard deltax="20" deltay="-20"/> 
        <deltaUpdate deltax="20" deltay="10"/> 
        <deltaSpeed deltax="-20" deltay="5"/> 
        <deltaCost deltax="-20" deltay="5"/> 
     </graphics> 
     <update><![CDATA[]]></update> 
  </transition> 

  <transition id="39" identifier="BatonFeu_a" label="BatonFeu_a"  eft="1" lft="inf" eft_param="1" speed="1" cost="0" unctrl="0" obs="1"  guard=""> 
     <graphics color="5"> 
        <position x="1141" y="571"/> 
        <deltaLabel deltax="25" deltay="0"/> 
        <deltaGuard deltax="20" deltay="-20"/> 
        <deltaUpdate deltax="20" deltay="10"/> 
        <deltaSpeed deltax="-20" deltay="5"/> 
        <deltaCost deltax="-20" deltay="5"/> 
     </graphics> 
     <update><![CDATA[]]></update> 
  </transition> 

  <arc place="4" transition="1" type="PlaceTransition" weight="1"  inhibitingCondition=""> 
    <nail xnail="0" ynail="0"/> 
    <graphics  color="0"> 
     </graphics> 
  </arc> 
 

  <arc place="3" transition="1" type="PlaceTransition" weight="1"  inhibitingCondition=""> 
    <nail xnail="0" ynail="0"/> 
    <graphics  color="0"> 
     </graphics> 
  </arc> 
 

  <arc place="1" transition="1" type="logicalInhibitor" weight="1"  inhibitingCondition=""> 
    <nail xnail="0" ynail="0"/> 
    <graphics  color="0"> 
     </graphics> 
  </arc> 
 

  <arc place="9" transition="1" type="TransitionPlace" weight="1"> 
     <nail xnail="0" ynail="0"/> 
     <graphics  color="0"> 
     </graphics> 
  </arc> 

  <arc place="8" transition="2" type="PlaceTransition" weight="1"  inhibitingCondition=""> 
    <nail xnail="0" ynail="0"/> 
    <graphics  color="0"> 
     </graphics> 
  </arc> 
 

  <arc place="7" transition="2" type="PlaceTransition" weight="1"  inhibitingCondition=""> 
    <nail xnail="0" ynail="0"/> 
    <graphics  color="0"> 
     </graphics> 
  </arc> 
 

  <arc place="5" transition="2" type="logicalInhibitor" weight="1"  inhibitingCondition=""> 
    <nail xnail="0" ynail="0"/> 
    <graphics  color="0"> 
     </graphics> 
  </arc> 
 

  <arc place="9" transition="2" type="TransitionPlace" weight="1"> 
     <nail xnail="0" ynail="0"/> 
     <graphics  color="0"> 
     </graphics> 
  </arc> 

  <arc place="7" transition="3" type="PlaceTransition" weight="1"  inhibitingCondition=""> 
    <nail xnail="0" ynail="0"/> 
    <graphics  color="0"> 
     </graphics> 
  </arc> 
 

  <arc place="6" transition="3" type="PlaceTransition" weight="1"  inhibitingCondition=""> 
    <nail xnail="0" ynail="0"/> 
    <graphics  color="0"> 
     </graphics> 
  </arc> 
 

  <arc place="5" transition="3" type="logicalInhibitor" weight="1"  inhibitingCondition=""> 
    <nail xnail="0" ynail="0"/> 
    <graphics  color="0"> 
     </graphics> 
  </arc> 
 

  <arc place="9" transition="3" type="TransitionPlace" weight="1"> 
     <nail xnail="0" ynail="0"/> 
     <graphics  color="0"> 
     </graphics> 
  </arc> 

  <arc place="2" transition="4" type="PlaceTransition" weight="1"  inhibitingCondition=""> 
    <nail xnail="0" ynail="0"/> 
    <graphics  color="0"> 
     </graphics> 
  </arc> 
 

  <arc place="3" transition="4" type="PlaceTransition" weight="1"  inhibitingCondition=""> 
    <nail xnail="0" ynail="0"/> 
    <graphics  color="0"> 
     </graphics> 
  </arc> 
 

  <arc place="1" transition="4" type="logicalInhibitor" weight="1"  inhibitingCondition=""> 
    <nail xnail="0" ynail="0"/> 
    <graphics  color="0"> 
     </graphics> 
  </arc> 
 

  <arc place="9" transition="4" type="TransitionPlace" weight="1"> 
     <nail xnail="0" ynail="0"/> 
     <graphics  color="0"> 
     </graphics> 
  </arc> 

  <arc place="1" transition="5" type="PlaceTransition" weight="1"  inhibitingCondition=""> 
    <nail xnail="0" ynail="0"/> 
    <graphics  color="0"> 
     </graphics> 
  </arc> 
 

  <arc place="2" transition="5" type="PlaceTransition" weight="1"  inhibitingCondition=""> 
    <nail xnail="0" ynail="0"/> 
    <graphics  color="0"> 
     </graphics> 
  </arc> 
 

  <arc place="5" transition="5" type="TransitionPlace" weight="1"> 
     <nail xnail="0" ynail="0"/> 
     <graphics  color="0"> 
     </graphics> 
  </arc> 

  <arc place="6" transition="5" type="TransitionPlace" weight="1"> 
     <nail xnail="0" ynail="0"/> 
     <graphics  color="0"> 
     </graphics> 
  </arc> 

  <arc place="3" transition="6" type="PlaceTransition" weight="1"  inhibitingCondition=""> 
    <nail xnail="0" ynail="0"/> 
    <graphics  color="0"> 
     </graphics> 
  </arc> 
 

  <arc place="1" transition="6" type="PlaceTransition" weight="1"  inhibitingCondition=""> 
    <nail xnail="0" ynail="0"/> 
    <graphics  color="0"> 
     </graphics> 
  </arc> 
 

  <arc place="7" transition="6" type="TransitionPlace" weight="1"> 
     <nail xnail="0" ynail="0"/> 
     <graphics  color="0"> 
     </graphics> 
  </arc> 

  <arc place="5" transition="6" type="TransitionPlace" weight="1"> 
     <nail xnail="0" ynail="0"/> 
     <graphics  color="0"> 
     </graphics> 
  </arc> 

  <arc place="4" transition="7" type="PlaceTransition" weight="1"  inhibitingCondition=""> 
    <nail xnail="0" ynail="0"/> 
    <graphics  color="0"> 
     </graphics> 
  </arc> 
 

  <arc place="1" transition="7" type="PlaceTransition" weight="1"  inhibitingCondition=""> 
    <nail xnail="0" ynail="0"/> 
    <graphics  color="0"> 
     </graphics> 
  </arc> 
 

  <arc place="8" transition="7" type="TransitionPlace" weight="1"> 
     <nail xnail="0" ynail="0"/> 
     <graphics  color="0"> 
     </graphics> 
  </arc> 

  <arc place="5" transition="7" type="TransitionPlace" weight="1"> 
     <nail xnail="0" ynail="0"/> 
     <graphics  color="0"> 
     </graphics> 
  </arc> 

  <arc place="5" transition="8" type="PlaceTransition" weight="1"  inhibitingCondition=""> 
    <nail xnail="0" ynail="0"/> 
    <graphics  color="0"> 
     </graphics> 
  </arc> 
 

  <arc place="1" transition="8" type="TransitionPlace" weight="1"> 
     <nail xnail="0" ynail="0"/> 
     <graphics  color="0"> 
     </graphics> 
  </arc> 

  <arc place="5" transition="9" type="PlaceTransition" weight="1"  inhibitingCondition=""> 
    <nail xnail="0" ynail="0"/> 
    <graphics  color="0"> 
     </graphics> 
  </arc> 
 

  <arc place="6" transition="9" type="PlaceTransition" weight="1"  inhibitingCondition=""> 
    <nail xnail="0" ynail="0"/> 
    <graphics  color="0"> 
     </graphics> 
  </arc> 
 

  <arc place="1" transition="9" type="TransitionPlace" weight="1"> 
     <nail xnail="0" ynail="0"/> 
     <graphics  color="0"> 
     </graphics> 
  </arc> 

  <arc place="2" transition="9" type="TransitionPlace" weight="1"> 
     <nail xnail="0" ynail="0"/> 
     <graphics  color="0"> 
     </graphics> 
  </arc> 

  <arc place="5" transition="10" type="PlaceTransition" weight="1"  inhibitingCondition=""> 
    <nail xnail="0" ynail="0"/> 
    <graphics  color="0"> 
     </graphics> 
  </arc> 
 

  <arc place="7" transition="10" type="PlaceTransition" weight="1"  inhibitingCondition=""> 
    <nail xnail="0" ynail="0"/> 
    <graphics  color="0"> 
     </graphics> 
  </arc> 
 

  <arc place="1" transition="10" type="TransitionPlace" weight="1"> 
     <nail xnail="0" ynail="0"/> 
     <graphics  color="0"> 
     </graphics> 
  </arc> 

  <arc place="3" transition="10" type="TransitionPlace" weight="1"> 
     <nail xnail="0" ynail="0"/> 
     <graphics  color="0"> 
     </graphics> 
  </arc> 

  <arc place="8" transition="11" type="PlaceTransition" weight="1"  inhibitingCondition=""> 
    <nail xnail="0" ynail="0"/> 
    <graphics  color="0"> 
     </graphics> 
  </arc> 
 

  <arc place="5" transition="11" type="PlaceTransition" weight="1"  inhibitingCondition=""> 
    <nail xnail="0" ynail="0"/> 
    <graphics  color="0"> 
     </graphics> 
  </arc> 
 

  <arc place="1" transition="11" type="TransitionPlace" weight="1"> 
     <nail xnail="0" ynail="0"/> 
     <graphics  color="0"> 
     </graphics> 
  </arc> 

  <arc place="4" transition="11" type="TransitionPlace" weight="1"> 
     <nail xnail="0" ynail="0"/> 
     <graphics  color="0"> 
     </graphics> 
  </arc> 

  <arc place="10" transition="12" type="PlaceTransition" weight="1"  inhibitingCondition=""> 
    <nail xnail="0" ynail="0"/> 
    <graphics  color="0"> 
     </graphics> 
  </arc> 
 

  <arc place="1" transition="12" type="PlaceTransition" weight="1"  inhibitingCondition=""> 
    <nail xnail="0" ynail="0"/> 
    <graphics  color="0"> 
     </graphics> 
  </arc> 
 

  <arc place="12" transition="12" type="TransitionPlace" weight="1"> 
     <nail xnail="0" ynail="0"/> 
     <graphics  color="0"> 
     </graphics> 
  </arc> 

  <arc place="5" transition="12" type="TransitionPlace" weight="1"> 
     <nail xnail="0" ynail="0"/> 
     <graphics  color="0"> 
     </graphics> 
  </arc> 

  <arc place="11" transition="13" type="PlaceTransition" weight="1"  inhibitingCondition=""> 
    <nail xnail="0" ynail="0"/> 
    <graphics  color="0"> 
     </graphics> 
  </arc> 
 

  <arc place="1" transition="13" type="PlaceTransition" weight="1"  inhibitingCondition=""> 
    <nail xnail="0" ynail="0"/> 
    <graphics  color="0"> 
     </graphics> 
  </arc> 
 

  <arc place="5" transition="13" type="TransitionPlace" weight="1"> 
     <nail xnail="0" ynail="0"/> 
     <graphics  color="0"> 
     </graphics> 
  </arc> 

  <arc place="13" transition="13" type="TransitionPlace" weight="1"> 
     <nail xnail="0" ynail="0"/> 
     <graphics  color="0"> 
     </graphics> 
  </arc> 

  <arc place="5" transition="14" type="PlaceTransition" weight="1"  inhibitingCondition=""> 
    <nail xnail="0" ynail="0"/> 
    <graphics  color="0"> 
     </graphics> 
  </arc> 
 

  <arc place="12" transition="14" type="PlaceTransition" weight="1"  inhibitingCondition=""> 
    <nail xnail="0" ynail="0"/> 
    <graphics  color="0"> 
     </graphics> 
  </arc> 
 

  <arc place="10" transition="14" type="TransitionPlace" weight="1"> 
     <nail xnail="0" ynail="0"/> 
     <graphics  color="0"> 
     </graphics> 
  </arc> 

  <arc place="1" transition="14" type="TransitionPlace" weight="1"> 
     <nail xnail="0" ynail="0"/> 
     <graphics  color="0"> 
     </graphics> 
  </arc> 

  <arc place="5" transition="15" type="PlaceTransition" weight="1"  inhibitingCondition=""> 
    <nail xnail="0" ynail="0"/> 
    <graphics  color="0"> 
     </graphics> 
  </arc> 
 

  <arc place="13" transition="15" type="PlaceTransition" weight="1"  inhibitingCondition=""> 
    <nail xnail="0" ynail="0"/> 
    <graphics  color="0"> 
     </graphics> 
  </arc> 
 

  <arc place="11" transition="15" type="TransitionPlace" weight="1"> 
     <nail xnail="0" ynail="0"/> 
     <graphics  color="0"> 
     </graphics> 
  </arc> 

  <arc place="1" transition="15" type="TransitionPlace" weight="1"> 
     <nail xnail="0" ynail="0"/> 
     <graphics  color="0"> 
     </graphics> 
  </arc> 

  <arc place="11" transition="16" type="PlaceTransition" weight="1"  inhibitingCondition=""> 
    <nail xnail="0" ynail="0"/> 
    <graphics  color="0"> 
     </graphics> 
  </arc> 
 

  <arc place="10" transition="16" type="PlaceTransition" weight="1"  inhibitingCondition=""> 
    <nail xnail="0" ynail="0"/> 
    <graphics  color="0"> 
     </graphics> 
  </arc> 
 

  <arc place="1" transition="16" type="logicalInhibitor" weight="1"  inhibitingCondition=""> 
    <nail xnail="0" ynail="0"/> 
    <graphics  color="0"> 
     </graphics> 
  </arc> 
 

  <arc place="9" transition="16" type="TransitionPlace" weight="1"> 
     <nail xnail="0" ynail="0"/> 
     <graphics  color="0"> 
     </graphics> 
  </arc> 

  <arc place="10" transition="17" type="PlaceTransition" weight="1"  inhibitingCondition=""> 
    <nail xnail="0" ynail="0"/> 
    <graphics  color="0"> 
     </graphics> 
  </arc> 
 

  <arc place="4" transition="17" type="PlaceTransition" weight="1"  inhibitingCondition=""> 
    <nail xnail="0" ynail="0"/> 
    <graphics  color="0"> 
     </graphics> 
  </arc> 
 

  <arc place="1" transition="17" type="logicalInhibitor" weight="1"  inhibitingCondition=""> 
    <nail xnail="0" ynail="0"/> 
    <graphics  color="0"> 
     </graphics> 
  </arc> 
 

  <arc place="9" transition="17" type="TransitionPlace" weight="1"> 
     <nail xnail="0" ynail="0"/> 
     <graphics  color="0"> 
     </graphics> 
  </arc> 

  <arc place="12" transition="18" type="PlaceTransition" weight="1"  inhibitingCondition=""> 
    <nail xnail="0" ynail="0"/> 
    <graphics  color="0"> 
     </graphics> 
  </arc> 
 

  <arc place="13" transition="18" type="PlaceTransition" weight="1"  inhibitingCondition=""> 
    <nail xnail="0" ynail="0"/> 
    <graphics  color="0"> 
     </graphics> 
  </arc> 
 

  <arc place="5" transition="18" type="logicalInhibitor" weight="1"  inhibitingCondition=""> 
    <nail xnail="0" ynail="0"/> 
    <graphics  color="0"> 
     </graphics> 
  </arc> 
 

  <arc place="9" transition="18" type="TransitionPlace" weight="1"> 
     <nail xnail="0" ynail="0"/> 
     <graphics  color="0"> 
     </graphics> 
  </arc> 

  <arc place="12" transition="19" type="PlaceTransition" weight="1"  inhibitingCondition=""> 
    <nail xnail="0" ynail="0"/> 
    <graphics  color="0"> 
     </graphics> 
  </arc> 
 

  <arc place="8" transition="19" type="PlaceTransition" weight="1"  inhibitingCondition=""> 
    <nail xnail="0" ynail="0"/> 
    <graphics  color="0"> 
     </graphics> 
  </arc> 
 

  <arc place="5" transition="19" type="logicalInhibitor" weight="1"  inhibitingCondition=""> 
    <nail xnail="0" ynail="0"/> 
    <graphics  color="0"> 
     </graphics> 
  </arc> 
 

  <arc place="9" transition="19" type="TransitionPlace" weight="1"> 
     <nail xnail="0" ynail="0"/> 
     <graphics  color="0"> 
     </graphics> 
  </arc> 

  <arc place="1" transition="20" type="PlaceTransition" weight="1"  inhibitingCondition=""> 
    <nail xnail="0" ynail="0"/> 
    <graphics  color="0"> 
     </graphics> 
  </arc> 
 

  <arc place="2" transition="20" type="PlaceTransition" weight="1"  inhibitingCondition=""> 
    <nail xnail="0" ynail="0"/> 
    <graphics  color="0"> 
     </graphics> 
  </arc> 
 

  <arc place="11" transition="20" type="PlaceTransition" weight="1"  inhibitingCondition=""> 
    <nail xnail="0" ynail="0"/> 
    <graphics  color="0"> 
     </graphics> 
  </arc> 
 

  <arc place="5" transition="20" type="TransitionPlace" weight="1"> 
     <nail xnail="0" ynail="0"/> 
     <graphics  color="0"> 
     </graphics> 
  </arc> 

  <arc place="6" transition="20" type="TransitionPlace" weight="1"> 
     <nail xnail="0" ynail="0"/> 
     <graphics  color="0"> 
     </graphics> 
  </arc> 

  <arc place="13" transition="20" type="TransitionPlace" weight="1"> 
     <nail xnail="0" ynail="0"/> 
     <graphics  color="0"> 
     </graphics> 
  </arc> 

  <arc place="1" transition="21" type="PlaceTransition" weight="1"  inhibitingCondition=""> 
    <nail xnail="0" ynail="0"/> 
    <graphics  color="0"> 
     </graphics> 
  </arc> 
 

  <arc place="2" transition="21" type="PlaceTransition" weight="1"  inhibitingCondition=""> 
    <nail xnail="0" ynail="0"/> 
    <graphics  color="0"> 
     </graphics> 
  </arc> 
 

  <arc place="10" transition="21" type="PlaceTransition" weight="1"  inhibitingCondition=""> 
    <nail xnail="0" ynail="0"/> 
    <graphics  color="0"> 
     </graphics> 
  </arc> 
 

  <arc place="12" transition="21" type="TransitionPlace" weight="1"> 
     <nail xnail="0" ynail="0"/> 
     <graphics  color="0"> 
     </graphics> 
  </arc> 

  <arc place="6" transition="21" type="TransitionPlace" weight="1"> 
     <nail xnail="0" ynail="0"/> 
     <graphics  color="0"> 
     </graphics> 
  </arc> 

  <arc place="5" transition="21" type="TransitionPlace" weight="1"> 
     <nail xnail="0" ynail="0"/> 
     <graphics  color="0"> 
     </graphics> 
  </arc> 

  <arc place="1" transition="22" type="PlaceTransition" weight="1"  inhibitingCondition=""> 
    <nail xnail="0" ynail="0"/> 
    <graphics  color="0"> 
     </graphics> 
  </arc> 
 

  <arc place="2" transition="22" type="PlaceTransition" weight="1"  inhibitingCondition=""> 
    <nail xnail="0" ynail="0"/> 
    <graphics  color="0"> 
     </graphics> 
  </arc> 
 

  <arc place="3" transition="22" type="PlaceTransition" weight="1"  inhibitingCondition=""> 
    <nail xnail="0" ynail="0"/> 
    <graphics  color="0"> 
     </graphics> 
  </arc> 
 

  <arc place="5" transition="22" type="TransitionPlace" weight="1"> 
     <nail xnail="0" ynail="0"/> 
     <graphics  color="0"> 
     </graphics> 
  </arc> 

  <arc place="6" transition="22" type="TransitionPlace" weight="1"> 
     <nail xnail="0" ynail="0"/> 
     <graphics  color="0"> 
     </graphics> 
  </arc> 

  <arc place="7" transition="22" type="TransitionPlace" weight="1"> 
     <nail xnail="0" ynail="0"/> 
     <graphics  color="0"> 
     </graphics> 
  </arc> 

  <arc place="1" transition="23" type="PlaceTransition" weight="1"  inhibitingCondition=""> 
    <nail xnail="0" ynail="0"/> 
    <graphics  color="0"> 
     </graphics> 
  </arc> 
 

  <arc place="2" transition="23" type="PlaceTransition" weight="1"  inhibitingCondition=""> 
    <nail xnail="0" ynail="0"/> 
    <graphics  color="0"> 
     </graphics> 
  </arc> 
 

  <arc place="4" transition="23" type="PlaceTransition" weight="1"  inhibitingCondition=""> 
    <nail xnail="0" ynail="0"/> 
    <graphics  color="0"> 
     </graphics> 
  </arc> 
 

  <arc place="8" transition="23" type="TransitionPlace" weight="1"> 
     <nail xnail="0" ynail="0"/> 
     <graphics  color="0"> 
     </graphics> 
  </arc> 

  <arc place="5" transition="23" type="TransitionPlace" weight="1"> 
     <nail xnail="0" ynail="0"/> 
     <graphics  color="0"> 
     </graphics> 
  </arc> 

  <arc place="6" transition="23" type="TransitionPlace" weight="1"> 
     <nail xnail="0" ynail="0"/> 
     <graphics  color="0"> 
     </graphics> 
  </arc> 

  <arc place="1" transition="24" type="PlaceTransition" weight="1"  inhibitingCondition=""> 
    <nail xnail="0" ynail="0"/> 
    <graphics  color="0"> 
     </graphics> 
  </arc> 
 

  <arc place="3" transition="24" type="PlaceTransition" weight="1"  inhibitingCondition=""> 
    <nail xnail="0" ynail="0"/> 
    <graphics  color="0"> 
     </graphics> 
  </arc> 
 

  <arc place="4" transition="24" type="PlaceTransition" weight="1"  inhibitingCondition=""> 
    <nail xnail="0" ynail="0"/> 
    <graphics  color="0"> 
     </graphics> 
  </arc> 
 

  <arc place="7" transition="24" type="TransitionPlace" weight="1"> 
     <nail xnail="0" ynail="0"/> 
     <graphics  color="0"> 
     </graphics> 
  </arc> 

  <arc place="5" transition="24" type="TransitionPlace" weight="1"> 
     <nail xnail="0" ynail="0"/> 
     <graphics  color="0"> 
     </graphics> 
  </arc> 

  <arc place="8" transition="24" type="TransitionPlace" weight="1"> 
     <nail xnail="0" ynail="0"/> 
     <graphics  color="0"> 
     </graphics> 
  </arc> 

  <arc place="1" transition="25" type="PlaceTransition" weight="1"  inhibitingCondition=""> 
    <nail xnail="0" ynail="0"/> 
    <graphics  color="0"> 
     </graphics> 
  </arc> 
 

  <arc place="3" transition="25" type="PlaceTransition" weight="1"  inhibitingCondition=""> 
    <nail xnail="0" ynail="0"/> 
    <graphics  color="0"> 
     </graphics> 
  </arc> 
 

  <arc place="10" transition="25" type="PlaceTransition" weight="1"  inhibitingCondition=""> 
    <nail xnail="0" ynail="0"/> 
    <graphics  color="0"> 
     </graphics> 
  </arc> 
 

  <arc place="7" transition="25" type="TransitionPlace" weight="1"> 
     <nail xnail="0" ynail="0"/> 
     <graphics  color="0"> 
     </graphics> 
  </arc> 

  <arc place="5" transition="25" type="TransitionPlace" weight="1"> 
     <nail xnail="0" ynail="0"/> 
     <graphics  color="0"> 
     </graphics> 
  </arc> 

  <arc place="12" transition="25" type="TransitionPlace" weight="1"> 
     <nail xnail="0" ynail="0"/> 
     <graphics  color="0"> 
     </graphics> 
  </arc> 

  <arc place="3" transition="26" type="PlaceTransition" weight="1"  inhibitingCondition=""> 
    <nail xnail="0" ynail="0"/> 
    <graphics  color="0"> 
     </graphics> 
  </arc> 
 

  <arc place="1" transition="26" type="PlaceTransition" weight="1"  inhibitingCondition=""> 
    <nail xnail="0" ynail="0"/> 
    <graphics  color="0"> 
     </graphics> 
  </arc> 
 

  <arc place="11" transition="26" type="PlaceTransition" weight="1"  inhibitingCondition=""> 
    <nail xnail="0" ynail="0"/> 
    <graphics  color="0"> 
     </graphics> 
  </arc> 
 

  <arc place="5" transition="26" type="TransitionPlace" weight="1"> 
     <nail xnail="0" ynail="0"/> 
     <graphics  color="0"> 
     </graphics> 
  </arc> 

  <arc place="7" transition="26" type="TransitionPlace" weight="1"> 
     <nail xnail="0" ynail="0"/> 
     <graphics  color="0"> 
     </graphics> 
  </arc> 

  <arc place="13" transition="26" type="TransitionPlace" weight="1"> 
     <nail xnail="0" ynail="0"/> 
     <graphics  color="0"> 
     </graphics> 
  </arc> 

  <arc place="4" transition="27" type="PlaceTransition" weight="1"  inhibitingCondition=""> 
    <nail xnail="0" ynail="0"/> 
    <graphics  color="0"> 
     </graphics> 
  </arc> 
 

  <arc place="10" transition="27" type="PlaceTransition" weight="1"  inhibitingCondition=""> 
    <nail xnail="0" ynail="0"/> 
    <graphics  color="0"> 
     </graphics> 
  </arc> 
 

  <arc place="1" transition="27" type="PlaceTransition" weight="1"  inhibitingCondition=""> 
    <nail xnail="0" ynail="0"/> 
    <graphics  color="0"> 
     </graphics> 
  </arc> 
 

  <arc place="5" transition="27" type="TransitionPlace" weight="1"> 
     <nail xnail="0" ynail="0"/> 
     <graphics  color="0"> 
     </graphics> 
  </arc> 

  <arc place="8" transition="27" type="TransitionPlace" weight="1"> 
     <nail xnail="0" ynail="0"/> 
     <graphics  color="0"> 
     </graphics> 
  </arc> 

  <arc place="12" transition="27" type="TransitionPlace" weight="1"> 
     <nail xnail="0" ynail="0"/> 
     <graphics  color="0"> 
     </graphics> 
  </arc> 

  <arc place="11" transition="28" type="PlaceTransition" weight="1"  inhibitingCondition=""> 
    <nail xnail="0" ynail="0"/> 
    <graphics  color="0"> 
     </graphics> 
  </arc> 
 

  <arc place="4" transition="28" type="PlaceTransition" weight="1"  inhibitingCondition=""> 
    <nail xnail="0" ynail="0"/> 
    <graphics  color="0"> 
     </graphics> 
  </arc> 
 

  <arc place="1" transition="28" type="PlaceTransition" weight="1"  inhibitingCondition=""> 
    <nail xnail="0" ynail="0"/> 
    <graphics  color="0"> 
     </graphics> 
  </arc> 
 

  <arc place="5" transition="28" type="TransitionPlace" weight="1"> 
     <nail xnail="0" ynail="0"/> 
     <graphics  color="0"> 
     </graphics> 
  </arc> 

  <arc place="8" transition="28" type="TransitionPlace" weight="1"> 
     <nail xnail="0" ynail="0"/> 
     <graphics  color="0"> 
     </graphics> 
  </arc> 

  <arc place="13" transition="28" type="TransitionPlace" weight="1"> 
     <nail xnail="0" ynail="0"/> 
     <graphics  color="0"> 
     </graphics> 
  </arc> 

  <arc place="10" transition="29" type="PlaceTransition" weight="1"  inhibitingCondition=""> 
    <nail xnail="0" ynail="0"/> 
    <graphics  color="0"> 
     </graphics> 
  </arc> 
 

  <arc place="11" transition="29" type="PlaceTransition" weight="1"  inhibitingCondition=""> 
    <nail xnail="0" ynail="0"/> 
    <graphics  color="0"> 
     </graphics> 
  </arc> 
 

  <arc place="1" transition="29" type="PlaceTransition" weight="1"  inhibitingCondition=""> 
    <nail xnail="0" ynail="0"/> 
    <graphics  color="0"> 
     </graphics> 
  </arc> 
 

  <arc place="13" transition="29" type="TransitionPlace" weight="1"> 
     <nail xnail="0" ynail="0"/> 
     <graphics  color="0"> 
     </graphics> 
  </arc> 

  <arc place="12" transition="29" type="TransitionPlace" weight="1"> 
     <nail xnail="0" ynail="0"/> 
     <graphics  color="0"> 
     </graphics> 
  </arc> 

  <arc place="5" transition="29" type="TransitionPlace" weight="1"> 
     <nail xnail="0" ynail="0"/> 
     <graphics  color="0"> 
     </graphics> 
  </arc> 

  <arc place="6" transition="30" type="PlaceTransition" weight="1"  inhibitingCondition=""> 
    <nail xnail="0" ynail="0"/> 
    <graphics  color="0"> 
     </graphics> 
  </arc> 
 

  <arc place="5" transition="30" type="PlaceTransition" weight="1"  inhibitingCondition=""> 
    <nail xnail="0" ynail="0"/> 
    <graphics  color="0"> 
     </graphics> 
  </arc> 
 

  <arc place="7" transition="30" type="PlaceTransition" weight="1"  inhibitingCondition=""> 
    <nail xnail="0" ynail="0"/> 
    <graphics  color="0"> 
     </graphics> 
  </arc> 
 

  <arc place="1" transition="30" type="TransitionPlace" weight="1"> 
     <nail xnail="0" ynail="0"/> 
     <graphics  color="0"> 
     </graphics> 
  </arc> 

  <arc place="2" transition="30" type="TransitionPlace" weight="1"> 
     <nail xnail="0" ynail="0"/> 
     <graphics  color="0"> 
     </graphics> 
  </arc> 

  <arc place="3" transition="30" type="TransitionPlace" weight="1"> 
     <nail xnail="0" ynail="0"/> 
     <graphics  color="0"> 
     </graphics> 
  </arc> 

  <arc place="6" transition="31" type="PlaceTransition" weight="1"  inhibitingCondition=""> 
    <nail xnail="0" ynail="0"/> 
    <graphics  color="0"> 
     </graphics> 
  </arc> 
 

  <arc place="5" transition="31" type="PlaceTransition" weight="1"  inhibitingCondition=""> 
    <nail xnail="0" ynail="0"/> 
    <graphics  color="0"> 
     </graphics> 
  </arc> 
 

  <arc place="8" transition="31" type="PlaceTransition" weight="1"  inhibitingCondition=""> 
    <nail xnail="0" ynail="0"/> 
    <graphics  color="0"> 
     </graphics> 
  </arc> 
 

  <arc place="1" transition="31" type="TransitionPlace" weight="1"> 
     <nail xnail="0" ynail="0"/> 
     <graphics  color="0"> 
     </graphics> 
  </arc> 

  <arc place="2" transition="31" type="TransitionPlace" weight="1"> 
     <nail xnail="0" ynail="0"/> 
     <graphics  color="0"> 
     </graphics> 
  </arc> 

  <arc place="4" transition="31" type="TransitionPlace" weight="1"> 
     <nail xnail="0" ynail="0"/> 
     <graphics  color="0"> 
     </graphics> 
  </arc> 

  <arc place="6" transition="32" type="PlaceTransition" weight="1"  inhibitingCondition=""> 
    <nail xnail="0" ynail="0"/> 
    <graphics  color="0"> 
     </graphics> 
  </arc> 
 

  <arc place="5" transition="32" type="PlaceTransition" weight="1"  inhibitingCondition=""> 
    <nail xnail="0" ynail="0"/> 
    <graphics  color="0"> 
     </graphics> 
  </arc> 
 

  <arc place="12" transition="32" type="PlaceTransition" weight="1"  inhibitingCondition=""> 
    <nail xnail="0" ynail="0"/> 
    <graphics  color="0"> 
     </graphics> 
  </arc> 
 

  <arc place="2" transition="32" type="TransitionPlace" weight="1"> 
     <nail xnail="0" ynail="0"/> 
     <graphics  color="0"> 
     </graphics> 
  </arc> 

  <arc place="10" transition="32" type="TransitionPlace" weight="1"> 
     <nail xnail="0" ynail="0"/> 
     <graphics  color="0"> 
     </graphics> 
  </arc> 

  <arc place="1" transition="32" type="TransitionPlace" weight="1"> 
     <nail xnail="0" ynail="0"/> 
     <graphics  color="0"> 
     </graphics> 
  </arc> 

  <arc place="6" transition="33" type="PlaceTransition" weight="1"  inhibitingCondition=""> 
    <nail xnail="0" ynail="0"/> 
    <graphics  color="0"> 
     </graphics> 
  </arc> 
 

  <arc place="5" transition="33" type="PlaceTransition" weight="1"  inhibitingCondition=""> 
    <nail xnail="0" ynail="0"/> 
    <graphics  color="0"> 
     </graphics> 
  </arc> 
 

  <arc place="13" transition="33" type="PlaceTransition" weight="1"  inhibitingCondition=""> 
    <nail xnail="0" ynail="0"/> 
    <graphics  color="0"> 
     </graphics> 
  </arc> 
 

  <arc place="1" transition="33" type="TransitionPlace" weight="1"> 
     <nail xnail="0" ynail="0"/> 
     <graphics  color="0"> 
     </graphics> 
  </arc> 

  <arc place="2" transition="33" type="TransitionPlace" weight="1"> 
     <nail xnail="0" ynail="0"/> 
     <graphics  color="0"> 
     </graphics> 
  </arc> 

  <arc place="11" transition="33" type="TransitionPlace" weight="1"> 
     <nail xnail="0" ynail="0"/> 
     <graphics  color="0"> 
     </graphics> 
  </arc> 

  <arc place="5" transition="34" type="PlaceTransition" weight="1"  inhibitingCondition=""> 
    <nail xnail="0" ynail="0"/> 
    <graphics  color="0"> 
     </graphics> 
  </arc> 
 

  <arc place="7" transition="34" type="PlaceTransition" weight="1"  inhibitingCondition=""> 
    <nail xnail="0" ynail="0"/> 
    <graphics  color="0"> 
     </graphics> 
  </arc> 
 

  <arc place="8" transition="34" type="PlaceTransition" weight="1"  inhibitingCondition=""> 
    <nail xnail="0" ynail="0"/> 
    <graphics  color="0"> 
     </graphics> 
  </arc> 
 

  <arc place="3" transition="34" type="TransitionPlace" weight="1"> 
     <nail xnail="0" ynail="0"/> 
     <graphics  color="0"> 
     </graphics> 
  </arc> 

  <arc place="4" transition="34" type="TransitionPlace" weight="1"> 
     <nail xnail="0" ynail="0"/> 
     <graphics  color="0"> 
     </graphics> 
  </arc> 

  <arc place="1" transition="34" type="TransitionPlace" weight="1"> 
     <nail xnail="0" ynail="0"/> 
     <graphics  color="0"> 
     </graphics> 
  </arc> 

  <arc place="7" transition="35" type="PlaceTransition" weight="1"  inhibitingCondition=""> 
    <nail xnail="0" ynail="0"/> 
    <graphics  color="0"> 
     </graphics> 
  </arc> 
 

  <arc place="5" transition="35" type="PlaceTransition" weight="1"  inhibitingCondition=""> 
    <nail xnail="0" ynail="0"/> 
    <graphics  color="0"> 
     </graphics> 
  </arc> 
 

  <arc place="12" transition="35" type="PlaceTransition" weight="1"  inhibitingCondition=""> 
    <nail xnail="0" ynail="0"/> 
    <graphics  color="0"> 
     </graphics> 
  </arc> 
 

  <arc place="3" transition="35" type="TransitionPlace" weight="1"> 
     <nail xnail="0" ynail="0"/> 
     <graphics  color="0"> 
     </graphics> 
  </arc> 

  <arc place="10" transition="35" type="TransitionPlace" weight="1"> 
     <nail xnail="0" ynail="0"/> 
     <graphics  color="0"> 
     </graphics> 
  </arc> 

  <arc place="1" transition="35" type="TransitionPlace" weight="1"> 
     <nail xnail="0" ynail="0"/> 
     <graphics  color="0"> 
     </graphics> 
  </arc> 

  <arc place="5" transition="36" type="PlaceTransition" weight="1"  inhibitingCondition=""> 
    <nail xnail="0" ynail="0"/> 
    <graphics  color="0"> 
     </graphics> 
  </arc> 
 

  <arc place="13" transition="36" type="PlaceTransition" weight="1"  inhibitingCondition=""> 
    <nail xnail="0" ynail="0"/> 
    <graphics  color="0"> 
     </graphics> 
  </arc> 
 

  <arc place="7" transition="36" type="PlaceTransition" weight="1"  inhibitingCondition=""> 
    <nail xnail="0" ynail="0"/> 
    <graphics  color="0"> 
     </graphics> 
  </arc> 
 

  <arc place="1" transition="36" type="TransitionPlace" weight="1"> 
     <nail xnail="0" ynail="0"/> 
     <graphics  color="0"> 
     </graphics> 
  </arc> 

  <arc place="3" transition="36" type="TransitionPlace" weight="1"> 
     <nail xnail="0" ynail="0"/> 
     <graphics  color="0"> 
     </graphics> 
  </arc> 

  <arc place="11" transition="36" type="TransitionPlace" weight="1"> 
     <nail xnail="0" ynail="0"/> 
     <graphics  color="0"> 
     </graphics> 
  </arc> 

  <arc place="8" transition="37" type="PlaceTransition" weight="1"  inhibitingCondition=""> 
    <nail xnail="0" ynail="0"/> 
    <graphics  color="0"> 
     </graphics> 
  </arc> 
 

  <arc place="12" transition="37" type="PlaceTransition" weight="1"  inhibitingCondition=""> 
    <nail xnail="0" ynail="0"/> 
    <graphics  color="0"> 
     </graphics> 
  </arc> 
 

  <arc place="5" transition="37" type="PlaceTransition" weight="1"  inhibitingCondition=""> 
    <nail xnail="0" ynail="0"/> 
    <graphics  color="0"> 
     </graphics> 
  </arc> 
 

  <arc place="1" transition="37" type="TransitionPlace" weight="1"> 
     <nail xnail="0" ynail="0"/> 
     <graphics  color="0"> 
     </graphics> 
  </arc> 

  <arc place="4" transition="37" type="TransitionPlace" weight="1"> 
     <nail xnail="0" ynail="0"/> 
     <graphics  color="0"> 
     </graphics> 
  </arc> 

  <arc place="10" transition="37" type="TransitionPlace" weight="1"> 
     <nail xnail="0" ynail="0"/> 
     <graphics  color="0"> 
     </graphics> 
  </arc> 

  <arc place="5" transition="38" type="PlaceTransition" weight="1"  inhibitingCondition=""> 
    <nail xnail="0" ynail="0"/> 
    <graphics  color="0"> 
     </graphics> 
  </arc> 
 

  <arc place="8" transition="38" type="PlaceTransition" weight="1"  inhibitingCondition=""> 
    <nail xnail="0" ynail="0"/> 
    <graphics  color="0"> 
     </graphics> 
  </arc> 
 

  <arc place="13" transition="38" type="PlaceTransition" weight="1"  inhibitingCondition=""> 
    <nail xnail="0" ynail="0"/> 
    <graphics  color="0"> 
     </graphics> 
  </arc> 
 

  <arc place="1" transition="38" type="TransitionPlace" weight="1"> 
     <nail xnail="0" ynail="0"/> 
     <graphics  color="0"> 
     </graphics> 
  </arc> 

  <arc place="4" transition="38" type="TransitionPlace" weight="1"> 
     <nail xnail="0" ynail="0"/> 
     <graphics  color="0"> 
     </graphics> 
  </arc> 

  <arc place="11" transition="38" type="TransitionPlace" weight="1"> 
     <nail xnail="0" ynail="0"/> 
     <graphics  color="0"> 
     </graphics> 
  </arc> 

  <arc place="12" transition="39" type="PlaceTransition" weight="1"  inhibitingCondition=""> 
    <nail xnail="0" ynail="0"/> 
    <graphics  color="0"> 
     </graphics> 
  </arc> 
 

  <arc place="13" transition="39" type="PlaceTransition" weight="1"  inhibitingCondition=""> 
    <nail xnail="0" ynail="0"/> 
    <graphics  color="0"> 
     </graphics> 
  </arc> 
 

  <arc place="5" transition="39" type="PlaceTransition" weight="1"  inhibitingCondition=""> 
    <nail xnail="0" ynail="0"/> 
    <graphics  color="0"> 
     </graphics> 
  </arc> 
 

  <arc place="1" transition="39" type="TransitionPlace" weight="1"> 
     <nail xnail="0" ynail="0"/> 
     <graphics  color="0"> 
     </graphics> 
  </arc> 

  <arc place="10" transition="39" type="TransitionPlace" weight="1"> 
     <nail xnail="0" ynail="0"/> 
     <graphics  color="0"> 
     </graphics> 
  </arc> 

  <arc place="11" transition="39" type="TransitionPlace" weight="1"> 
     <nail xnail="0" ynail="0"/> 
     <graphics  color="0"> 
     </graphics> 
  </arc> 

  <timedCost></timedCost>

  <declaration><![CDATA[// insert here your type definitions using C-like syntax


// insert here your function definitions 
// using C-like syntax]]></declaration>

  <initialization><![CDATA[// insert here the state variables declarations 
// and possibly some code to initialize them 
// using C-like syntax]]></initialization>

  <preferences> 
      <colorPlace  c0="SkyBlue2"  c1="gray"  c2="cyan"  c3="green"  c4="yellow"  c5="brown" /> 
 
      <colorTransition  c0="yellow"  c1="gray"  c2="cyan"  c3="green"  c4="SkyBlue2"  c5="brown" /> 
 
      <colorArc  c0="black"  c1="gray"  c2="blue"  c3="#beb760"  c4="#be5c7e"  c5="#46be90" /> 
 
  </preferences> 
 </TPN> 

