<?xml version="1.0" encoding="UTF-8" ?>
<romeo version="Romeo v3.4.0"> </romeo>
<TPN name="/home/bastien/Documents/Logiciel/Romeo/romeo-3.4.0/Fermier1.xml">
  <place id="1" identifier="Fermier_depart" label="Fermier_depart" initialMarking="1" eft="0" lft="inf"> 
      <graphics color="0"> 
         <position x="181" y="91"/> 
         <deltaLabel deltax="10" deltay="10"/> 
      </graphics> 
      <scheduling gamma="0" omega="0"/> 
  </place> 

  <place id="2" identifier="Chou_depart" label="Chou_depart" initialMarking="1" eft="0" lft="inf"> 
      <graphics color="0"> 
         <position x="301" y="91"/> 
         <deltaLabel deltax="10" deltay="10"/> 
      </graphics> 
      <scheduling gamma="0" omega="0"/> 
  </place> 

  <place id="3" identifier="Chevre_depart" label="Chevre_depart" initialMarking="1" eft="0" lft="inf"> 
      <graphics color="0"> 
         <position x="421" y="91"/> 
         <deltaLabel deltax="10" deltay="10"/> 
      </graphics> 
      <scheduling gamma="0" omega="0"/> 
  </place> 

  <place id="4" identifier="Loup_depart" label="Loup_depart" initialMarking="1" eft="0" lft="inf"> 
      <graphics color="0"> 
         <position x="541" y="91"/> 
         <deltaLabel deltax="10" deltay="10"/> 
      </graphics> 
      <scheduling gamma="0" omega="0"/> 
  </place> 

  <place id="5" identifier="Fermier_arrivee" label="Fermier_arrivee" initialMarking="0" eft="0" lft="inf"> 
      <graphics color="2"> 
         <position x="181" y="391"/> 
         <deltaLabel deltax="10" deltay="10"/> 
      </graphics> 
      <scheduling gamma="0" omega="0"/> 
  </place> 

  <place id="6" identifier="Chou_arrivee" label="Chou_arrivee" initialMarking="0" eft="0" lft="inf"> 
      <graphics color="2"> 
         <position x="301" y="391"/> 
         <deltaLabel deltax="10" deltay="10"/> 
      </graphics> 
      <scheduling gamma="0" omega="0"/> 
  </place> 

  <place id="7" identifier="Chevre_arrivee" label="Chevre_arrivee" initialMarking="0" eft="0" lft="inf"> 
      <graphics color="2"> 
         <position x="421" y="391"/> 
         <deltaLabel deltax="10" deltay="10"/> 
      </graphics> 
      <scheduling gamma="0" omega="0"/> 
  </place> 

  <place id="8" identifier="Loup_arrivee" label="Loup_arrivee" initialMarking="0" eft="0" lft="inf"> 
      <graphics color="2"> 
         <position x="541" y="391"/> 
         <deltaLabel deltax="10" deltay="10"/> 
      </graphics> 
      <scheduling gamma="0" omega="0"/> 
  </place> 

  <place id="9" identifier="Echec" label="Dead" initialMarking="0" eft="0" lft="inf"> 
      <graphics color="2"> 
         <position x="631" y="271"/> 
         <deltaLabel deltax="10" deltay="10"/> 
      </graphics> 
      <scheduling gamma="0" omega="0"/> 
  </place> 

  <transition id="1" identifier="Manger_chevre_d" label="Manger_chevre_d"  eft="0" lft="0" lft_param="0" speed="1" cost="0" unctrl="0" obs="1"  guard=""> 
     <graphics color="0"> 
        <position x="601" y="61"/> 
        <deltaLabel deltax="25" deltay="0"/> 
        <deltaGuard deltax="20" deltay="-20"/> 
        <deltaUpdate deltax="20" deltay="10"/> 
        <deltaSpeed deltax="-20" deltay="5"/> 
        <deltaCost deltax="-20" deltay="5"/> 
     </graphics> 
     <update><![CDATA[]]></update> 
  </transition> 

  <transition id="2" identifier="Manger_chevre_a" label="Manger_chevre_a"  eft="0" lft="0" lft_param="0" speed="1" cost="0" unctrl="0" obs="1"  guard=""> 
     <graphics color="0"> 
        <position x="601" y="451"/> 
        <deltaLabel deltax="25" deltay="0"/> 
        <deltaGuard deltax="20" deltay="-20"/> 
        <deltaUpdate deltax="20" deltay="10"/> 
        <deltaSpeed deltax="-20" deltay="5"/> 
        <deltaCost deltax="-20" deltay="5"/> 
     </graphics> 
     <update><![CDATA[]]></update> 
  </transition> 

  <transition id="3" identifier="Manger_chou_a" label="Manger_chou_a"  eft="0" lft="0" lft_param="0" speed="1" cost="0" unctrl="0" obs="1"  guard=""> 
     <graphics color="0"> 
        <position x="481" y="481"/> 
        <deltaLabel deltax="10.0" deltay="5.0"/> 
        <deltaGuard deltax="20" deltay="-20"/> 
        <deltaUpdate deltax="20" deltay="10"/> 
        <deltaSpeed deltax="-20" deltay="5"/> 
        <deltaCost deltax="-20" deltay="5"/> 
     </graphics> 
     <update><![CDATA[]]></update> 
  </transition> 

  <transition id="4" identifier="Manger_chou_d" label="Manger_chou_d"  eft="0" lft="0" lft_param="0" speed="1" cost="0" unctrl="0" obs="1"  guard=""> 
     <graphics color="0"> 
        <position x="541" y="31"/> 
        <deltaLabel deltax="25" deltay="0"/> 
        <deltaGuard deltax="20" deltay="-20"/> 
        <deltaUpdate deltax="20" deltay="10"/> 
        <deltaSpeed deltax="-20" deltay="5"/> 
        <deltaCost deltax="-20" deltay="5"/> 
     </graphics> 
     <update><![CDATA[]]></update> 
  </transition> 

  <transition id="5" identifier="Transport_chou_da" label="Transport_chou_da"  eft="1" lft="inf" eft_param="1" speed="1" cost="0" unctrl="0" obs="1"  guard=""> 
     <graphics color="0"> 
        <position x="241" y="211"/> 
        <deltaLabel deltax="31" deltay="5"/> 
        <deltaGuard deltax="20" deltay="-20"/> 
        <deltaUpdate deltax="20" deltay="10"/> 
        <deltaSpeed deltax="-20" deltay="5"/> 
        <deltaCost deltax="-20" deltay="5"/> 
     </graphics> 
     <update><![CDATA[]]></update> 
  </transition> 

  <transition id="6" identifier="Transport_chevre_da" label="Transport_chevre_da"  eft="1" lft="inf" eft_param="1" speed="1" cost="0" unctrl="0" obs="1"  guard=""> 
     <graphics color="0"> 
        <position x="361" y="211"/> 
        <deltaLabel deltax="25" deltay="0"/> 
        <deltaGuard deltax="20" deltay="-20"/> 
        <deltaUpdate deltax="20" deltay="10"/> 
        <deltaSpeed deltax="-20" deltay="5"/> 
        <deltaCost deltax="-20" deltay="5"/> 
     </graphics> 
     <update><![CDATA[]]></update> 
  </transition> 

  <transition id="7" identifier="Transport_loup_da" label="Transport_loup_da"  eft="1" lft="inf" eft_param="1" speed="1" cost="0" unctrl="0" obs="1"  guard=""> 
     <graphics color="0"> 
        <position x="481" y="211"/> 
        <deltaLabel deltax="25" deltay="0"/> 
        <deltaGuard deltax="20" deltay="-20"/> 
        <deltaUpdate deltax="20" deltay="10"/> 
        <deltaSpeed deltax="-20" deltay="5"/> 
        <deltaCost deltax="-20" deltay="5"/> 
     </graphics> 
     <update><![CDATA[]]></update> 
  </transition> 

  <transition id="8" identifier="Retour_seul" label="Retour_seul"  eft="1" lft="inf" eft_param="1" speed="1" cost="0" unctrl="0" obs="1"  guard=""> 
     <graphics color="0"> 
        <position x="151" y="271"/> 
        <deltaLabel deltax="25" deltay="0"/> 
        <deltaGuard deltax="20" deltay="-20"/> 
        <deltaUpdate deltax="20" deltay="10"/> 
        <deltaSpeed deltax="-20" deltay="5"/> 
        <deltaCost deltax="-20" deltay="5"/> 
     </graphics> 
     <update><![CDATA[]]></update> 
  </transition> 

  <transition id="9" identifier="Transport_chou_ad" label="Transport_chou_ad"  eft="1" lft="inf" eft_param="1" speed="1" cost="0" unctrl="0" obs="1"  guard=""> 
     <graphics color="0"> 
        <position x="241" y="301"/> 
        <deltaLabel deltax="25" deltay="0"/> 
        <deltaGuard deltax="20" deltay="-20"/> 
        <deltaUpdate deltax="20" deltay="10"/> 
        <deltaSpeed deltax="-20" deltay="5"/> 
        <deltaCost deltax="-20" deltay="5"/> 
     </graphics> 
     <update><![CDATA[]]></update> 
  </transition> 

  <transition id="10" identifier="Transport_chevre_ad" label="Transport_chevre_ad"  eft="1" lft="inf" eft_param="1" speed="1" cost="0" unctrl="0" obs="1"  guard=""> 
     <graphics color="0"> 
        <position x="361" y="301"/> 
        <deltaLabel deltax="25" deltay="0"/> 
        <deltaGuard deltax="20" deltay="-20"/> 
        <deltaUpdate deltax="20" deltay="10"/> 
        <deltaSpeed deltax="-20" deltay="5"/> 
        <deltaCost deltax="-20" deltay="5"/> 
     </graphics> 
     <update><![CDATA[]]></update> 
  </transition> 

  <transition id="11" identifier="Transport_loup_ad" label="Transport_loup_ad"  eft="1" lft="inf" eft_param="1" speed="1" cost="0" unctrl="0" obs="1"  guard=""> 
     <graphics color="0"> 
        <position x="481" y="301"/> 
        <deltaLabel deltax="25" deltay="0"/> 
        <deltaGuard deltax="20" deltay="-20"/> 
        <deltaUpdate deltax="20" deltay="10"/> 
        <deltaSpeed deltax="-20" deltay="5"/> 
        <deltaCost deltax="-20" deltay="5"/> 
     </graphics> 
     <update><![CDATA[]]></update> 
  </transition> 

  <arc place="4" transition="1" type="PlaceTransition" weight="1"  inhibitingCondition=""> 
    <nail xnail="0" ynail="0"/> 
    <graphics  color="0"> 
     </graphics> 
  </arc> 
 

  <arc place="3" transition="1" type="PlaceTransition" weight="1"  inhibitingCondition=""> 
    <nail xnail="0" ynail="0"/> 
    <graphics  color="0"> 
     </graphics> 
  </arc> 
 

  <arc place="1" transition="1" type="logicalInhibitor" weight="1"  inhibitingCondition=""> 
    <nail xnail="0" ynail="0"/> 
    <graphics  color="0"> 
     </graphics> 
  </arc> 
 

  <arc place="9" transition="1" type="TransitionPlace" weight="1"> 
     <nail xnail="0" ynail="0"/> 
     <graphics  color="0"> 
     </graphics> 
  </arc> 

  <arc place="8" transition="2" type="PlaceTransition" weight="1"  inhibitingCondition=""> 
    <nail xnail="0" ynail="0"/> 
    <graphics  color="0"> 
     </graphics> 
  </arc> 
 

  <arc place="7" transition="2" type="PlaceTransition" weight="1"  inhibitingCondition=""> 
    <nail xnail="0" ynail="0"/> 
    <graphics  color="0"> 
     </graphics> 
  </arc> 
 

  <arc place="5" transition="2" type="logicalInhibitor" weight="1"  inhibitingCondition=""> 
    <nail xnail="0" ynail="0"/> 
    <graphics  color="0"> 
     </graphics> 
  </arc> 
 

  <arc place="9" transition="2" type="TransitionPlace" weight="1"> 
     <nail xnail="0" ynail="0"/> 
     <graphics  color="0"> 
     </graphics> 
  </arc> 

  <arc place="7" transition="3" type="PlaceTransition" weight="1"  inhibitingCondition=""> 
    <nail xnail="0" ynail="0"/> 
    <graphics  color="0"> 
     </graphics> 
  </arc> 
 

  <arc place="6" transition="3" type="PlaceTransition" weight="1"  inhibitingCondition=""> 
    <nail xnail="0" ynail="0"/> 
    <graphics  color="0"> 
     </graphics> 
  </arc> 
 

  <arc place="5" transition="3" type="logicalInhibitor" weight="1"  inhibitingCondition=""> 
    <nail xnail="0" ynail="0"/> 
    <graphics  color="0"> 
     </graphics> 
  </arc> 
 

  <arc place="9" transition="3" type="TransitionPlace" weight="1"> 
     <nail xnail="0" ynail="0"/> 
     <graphics  color="0"> 
     </graphics> 
  </arc> 

  <arc place="2" transition="4" type="PlaceTransition" weight="1"  inhibitingCondition=""> 
    <nail xnail="0" ynail="0"/> 
    <graphics  color="0"> 
     </graphics> 
  </arc> 
 

  <arc place="3" transition="4" type="PlaceTransition" weight="1"  inhibitingCondition=""> 
    <nail xnail="0" ynail="0"/> 
    <graphics  color="0"> 
     </graphics> 
  </arc> 
 

  <arc place="1" transition="4" type="logicalInhibitor" weight="1"  inhibitingCondition=""> 
    <nail xnail="0" ynail="0"/> 
    <graphics  color="0"> 
     </graphics> 
  </arc> 
 

  <arc place="9" transition="4" type="TransitionPlace" weight="1"> 
     <nail xnail="0" ynail="0"/> 
     <graphics  color="0"> 
     </graphics> 
  </arc> 

  <arc place="1" transition="5" type="PlaceTransition" weight="1"  inhibitingCondition=""> 
    <nail xnail="0" ynail="0"/> 
    <graphics  color="0"> 
     </graphics> 
  </arc> 
 

  <arc place="2" transition="5" type="PlaceTransition" weight="1"  inhibitingCondition=""> 
    <nail xnail="0" ynail="0"/> 
    <graphics  color="0"> 
     </graphics> 
  </arc> 
 

  <arc place="5" transition="5" type="TransitionPlace" weight="1"> 
     <nail xnail="0" ynail="0"/> 
     <graphics  color="0"> 
     </graphics> 
  </arc> 

  <arc place="6" transition="5" type="TransitionPlace" weight="1"> 
     <nail xnail="0" ynail="0"/> 
     <graphics  color="0"> 
     </graphics> 
  </arc> 

  <arc place="3" transition="6" type="PlaceTransition" weight="1"  inhibitingCondition=""> 
    <nail xnail="0" ynail="0"/> 
    <graphics  color="0"> 
     </graphics> 
  </arc> 
 

  <arc place="1" transition="6" type="PlaceTransition" weight="1"  inhibitingCondition=""> 
    <nail xnail="0" ynail="0"/> 
    <graphics  color="0"> 
     </graphics> 
  </arc> 
 

  <arc place="7" transition="6" type="TransitionPlace" weight="1"> 
     <nail xnail="0" ynail="0"/> 
     <graphics  color="0"> 
     </graphics> 
  </arc> 

  <arc place="5" transition="6" type="TransitionPlace" weight="1"> 
     <nail xnail="0" ynail="0"/> 
     <graphics  color="0"> 
     </graphics> 
  </arc> 

  <arc place="4" transition="7" type="PlaceTransition" weight="1"  inhibitingCondition=""> 
    <nail xnail="0" ynail="0"/> 
    <graphics  color="0"> 
     </graphics> 
  </arc> 
 

  <arc place="1" transition="7" type="PlaceTransition" weight="1"  inhibitingCondition=""> 
    <nail xnail="0" ynail="0"/> 
    <graphics  color="0"> 
     </graphics> 
  </arc> 
 

  <arc place="8" transition="7" type="TransitionPlace" weight="1"> 
     <nail xnail="0" ynail="0"/> 
     <graphics  color="0"> 
     </graphics> 
  </arc> 

  <arc place="5" transition="7" type="TransitionPlace" weight="1"> 
     <nail xnail="0" ynail="0"/> 
     <graphics  color="0"> 
     </graphics> 
  </arc> 

  <arc place="5" transition="8" type="PlaceTransition" weight="1"  inhibitingCondition=""> 
    <nail xnail="0" ynail="0"/> 
    <graphics  color="0"> 
     </graphics> 
  </arc> 
 

  <arc place="1" transition="8" type="TransitionPlace" weight="1"> 
     <nail xnail="0" ynail="0"/> 
     <graphics  color="0"> 
     </graphics> 
  </arc> 

  <arc place="5" transition="9" type="PlaceTransition" weight="1"  inhibitingCondition=""> 
    <nail xnail="0" ynail="0"/> 
    <graphics  color="0"> 
     </graphics> 
  </arc> 
 

  <arc place="6" transition="9" type="PlaceTransition" weight="1"  inhibitingCondition=""> 
    <nail xnail="0" ynail="0"/> 
    <graphics  color="0"> 
     </graphics> 
  </arc> 
 

  <arc place="1" transition="9" type="TransitionPlace" weight="1"> 
     <nail xnail="0" ynail="0"/> 
     <graphics  color="0"> 
     </graphics> 
  </arc> 

  <arc place="2" transition="9" type="TransitionPlace" weight="1"> 
     <nail xnail="0" ynail="0"/> 
     <graphics  color="0"> 
     </graphics> 
  </arc> 

  <arc place="5" transition="10" type="PlaceTransition" weight="1"  inhibitingCondition=""> 
    <nail xnail="0" ynail="0"/> 
    <graphics  color="0"> 
     </graphics> 
  </arc> 
 

  <arc place="7" transition="10" type="PlaceTransition" weight="1"  inhibitingCondition=""> 
    <nail xnail="0" ynail="0"/> 
    <graphics  color="0"> 
     </graphics> 
  </arc> 
 

  <arc place="1" transition="10" type="TransitionPlace" weight="1"> 
     <nail xnail="0" ynail="0"/> 
     <graphics  color="0"> 
     </graphics> 
  </arc> 

  <arc place="3" transition="10" type="TransitionPlace" weight="1"> 
     <nail xnail="0" ynail="0"/> 
     <graphics  color="0"> 
     </graphics> 
  </arc> 

  <arc place="8" transition="11" type="PlaceTransition" weight="1"  inhibitingCondition=""> 
    <nail xnail="0" ynail="0"/> 
    <graphics  color="0"> 
     </graphics> 
  </arc> 
 

  <arc place="5" transition="11" type="PlaceTransition" weight="1"  inhibitingCondition=""> 
    <nail xnail="0" ynail="0"/> 
    <graphics  color="0"> 
     </graphics> 
  </arc> 
 

  <arc place="1" transition="11" type="TransitionPlace" weight="1"> 
     <nail xnail="0" ynail="0"/> 
     <graphics  color="0"> 
     </graphics> 
  </arc> 

  <arc place="4" transition="11" type="TransitionPlace" weight="1"> 
     <nail xnail="0" ynail="0"/> 
     <graphics  color="0"> 
     </graphics> 
  </arc> 

  <timedCost></timedCost>

  <declaration><![CDATA[// insert here your type definitions using C-like syntax


// insert here your function definitions 
// using C-like syntax]]></declaration>

  <initialization><![CDATA[// insert here the state variables declarations 
// and possibly some code to initialize them 
// using C-like syntax]]></initialization>

  <preferences> 
      <colorPlace  c0="SkyBlue2"  c1="gray"  c2="cyan"  c3="green"  c4="yellow"  c5="brown" /> 
 
      <colorTransition  c0="yellow"  c1="gray"  c2="cyan"  c3="green"  c4="SkyBlue2"  c5="brown" /> 
 
      <colorArc  c0="black"  c1="gray"  c2="blue"  c3="#beb760"  c4="#be5c7e"  c5="#46be90" /> 
 
  </preferences> 
 </TPN> 

